group_metric_offset,weight,retain_impact,group_metrics
offset,4.2198516139953295,0.9855121575079598,baseline
metric_group_2,0.5990752774339563,0.006477084629314289,message_per_month|reply_per_month
days_since_newfriend,0.22982974710990253,0.0029404536148955884,days_since_newfriend
metric_group_0,0.21562849802453612,0.002777230417885024,adview_per_month|adview_per_post|like_per_month|like_per_post|newfriend_per_month|post_per_message|post_per_month
dislike_per_month,0.20362085305001765,0.0026374423285868698,dislike_per_month
newfriend_pcnt_chng,0.08489573006350669,0.0011634815682822763,newfriend_pcnt_chng
reply_per_message,-0.0588505608395407,-0.0008647229445634119,reply_per_message
metric_group_1,-0.07642371183237863,-0.0011326488529403989,unfriend_per_month|unfriend_per_newfriend
dislike_pcnt,-0.27646122723836897,-0.0045260129820497985,dislike_pcnt
