mean_fit_time,std_fit_time,mean_score_time,std_score_time,param_learning_rate,param_max_depth,param_min_child_weight,param_n_estimators,params,split0_test_lift,split1_test_lift,mean_test_lift,std_test_lift,rank_test_lift,split0_test_AUC,split1_test_AUC,mean_test_AUC,std_test_AUC,rank_test_AUC
0.07114779949188232,0.022288203239440918,0.02353799343109131,0.00020873546600341797,0.1,4,3,40,"{'learning_rate': 0.1, 'max_depth': 4, 'min_child_weight': 3, 'n_estimators': 40}",3.511454725383474,4.231753130590341,3.8716039279869072,0.3601492026034334,4,0.6965704954761316,0.7055109137793274,0.7010407046277295,0.004470209151597904,1
0.11841273307800293,0.024386167526245117,0.03235316276550293,0.004607200622558594,0.1,4,3,80,"{'learning_rate': 0.1, 'max_depth': 4, 'min_child_weight': 3, 'n_estimators': 80}",3.458250865907966,4.1548121645796074,3.806531515243787,0.3482806493358208,13,0.6943439632021605,0.7039260550591994,0.6991350091306799,0.004791045928519422,2
0.054329872131347656,0.011526346206665039,0.02571725845336914,0.00584101676940918,0.3,2,9,40,"{'learning_rate': 0.3, 'max_depth': 2, 'min_child_weight': 9, 'n_estimators': 40}",3.2454354280059374,4.000930232558139,3.6231828302820386,0.37774740227610093,85,0.6939254611109145,0.7030698409239485,0.6984976510174314,0.004572189906517032,3
0.046265244483947754,0.009049057960510254,0.020318031311035156,0.0005657672882080078,0.1,4,3,20,"{'learning_rate': 0.1, 'max_depth': 4, 'min_child_weight': 3, 'n_estimators': 20}",3.1390277090549232,4.1548121645796074,3.646919936817265,0.5078922277623421,76,0.6942586191201089,0.7024601401903101,0.6983593796552094,0.0041007605351006116,4
0.07872962951660156,0.020563602447509766,0.03329765796661377,0.006424069404602051,0.1,6,9,20,"{'learning_rate': 0.1, 'max_depth': 6, 'min_child_weight': 9, 'n_estimators': 20}",3.298639287481445,4.077871198568873,3.688255243025159,0.3896159555437142,50,0.6926083174445833,0.7031424783903537,0.6978753979174686,0.0052670804728852105,5
0.07872438430786133,0.027666091918945312,0.024059057235717773,0.00018453598022460938,0.1,4,9,40,"{'learning_rate': 0.1, 'max_depth': 4, 'min_child_weight': 9, 'n_estimators': 40}",3.458250865907966,4.308694096601074,3.88347248125452,0.425221615346554,3,0.6917371756292704,0.7030870923222198,0.6974121339757451,0.00567495834647469,6
0.0784142017364502,0.009457826614379883,0.036051273345947266,1.1920928955078125e-06,0.1,4,12,40,"{'learning_rate': 0.1, 'max_depth': 4, 'min_child_weight': 12, 'n_estimators': 40}",3.458250865907966,3.9239892665474065,3.691120066227686,0.23286920031972036,47,0.6944343647112967,0.6983120868744097,0.6963732257928532,0.0019388610815564977,7
0.10911834239959717,0.035254597663879395,0.04323744773864746,0.0016243457794189453,0.1,2,12,120,"{'learning_rate': 0.1, 'max_depth': 2, 'min_child_weight': 12, 'n_estimators': 120}",3.405047006432459,3.9239892665474065,3.664518136489933,0.2594711300574737,55,0.6938075598420059,0.6974318115784122,0.695619685710209,0.0018121258682031183,8
0.04783666133880615,0.01020348072052002,0.02192223072052002,0.0005480051040649414,0.3,2,12,40,"{'learning_rate': 0.3, 'max_depth': 2, 'min_child_weight': 12, 'n_estimators': 40}",3.085823849579416,3.6931663685152056,3.389495109047311,0.30367125946789475,170,0.6925030597433861,0.6978621885668628,0.6951826241551244,0.0026795644117383333,9
0.06039571762084961,0.018723726272583008,0.027008652687072754,0.005262970924377441,0.1,4,6,20,"{'learning_rate': 0.1, 'max_depth': 4, 'min_child_weight': 6, 'n_estimators': 20}",3.085823849579416,4.308694096601074,3.697258973090245,0.6114351235108288,46,0.6886407658967577,0.7011944323382,0.6949175991174789,0.006276833220721145,10
0.1138911247253418,0.01742267608642578,0.045975685119628906,0.0004088878631591797,0.1,6,9,40,"{'learning_rate': 0.1, 'max_depth': 6, 'min_child_weight': 9, 'n_estimators': 40}",3.564658584858981,4.077871198568873,3.821264891713927,0.25660630685494623,10,0.6891196410238255,0.7006941417883344,0.69490689140608,0.005787250382254472,11
0.0679788589477539,0.01924610137939453,0.02647244930267334,0.004308104515075684,0.1,2,12,80,"{'learning_rate': 0.1, 'max_depth': 2, 'min_child_weight': 12, 'n_estimators': 80}",3.458250865907966,4.077871198568873,3.7680610322384194,0.3098101663304538,22,0.6915778666761072,0.696558800029055,0.6940683333525811,0.0024904666764739014,12
0.09569501876831055,0.024106740951538086,0.029623746871948242,0.002975940704345703,0.1,2,9,120,"{'learning_rate': 0.1, 'max_depth': 2, 'min_child_weight': 9, 'n_estimators': 120}",3.405047006432459,4.1548121645796074,3.779929585506033,0.37488257907357414,21,0.6910158600913372,0.6968239267814339,0.6939198934363855,0.0029040333450483513,13
0.051926612854003906,0.018819332122802734,0.02115154266357422,0.0003285408020019531,0.1,4,9,20,"{'learning_rate': 0.1, 'max_depth': 4, 'min_child_weight': 9, 'n_estimators': 20}",3.458250865907966,4.077871198568873,3.7680610322384194,0.3098101663304538,22,0.6920074318891007,0.695630856395729,0.6938191441424149,0.0018117122533141128,14
0.04628169536590576,0.010974526405334473,0.020271658897399902,0.00043523311614990234,0.1,2,12,40,"{'learning_rate': 0.1, 'max_depth': 2, 'min_child_weight': 12, 'n_estimators': 40}",3.458250865907966,3.7701073345259397,3.614179100216953,0.15592823430898695,88,0.6886758517971567,0.6988423403791675,0.6937590960881621,0.005083244291005373,15
0.07091343402862549,0.021510004997253418,0.02330923080444336,0.0009343624114990234,0.1,2,9,80,"{'learning_rate': 0.1, 'max_depth': 2, 'min_child_weight': 9, 'n_estimators': 80}",3.458250865907966,4.077871198568873,3.7680610322384194,0.3098101663304538,22,0.688739701814099,0.6985318152102855,0.6936357585121923,0.004896056698093232,16
0.046717047691345215,0.013269305229187012,0.020856738090515137,3.349781036376953e-05,0.2,2,12,40,"{'learning_rate': 0.2, 'max_depth': 2, 'min_child_weight': 12, 'n_estimators': 40}",3.405047006432459,4.077871198568873,3.7414591025006665,0.3364120960682071,28,0.6913186735380242,0.6944895402048377,0.692904106871431,0.001585433333406716,17
0.1262972354888916,0.04432272911071777,0.0387423038482666,0.00475311279296875,0.1,4,12,80,"{'learning_rate': 0.1, 'max_depth': 4, 'min_child_weight': 12, 'n_estimators': 80}",3.351843146956952,4.1548121645796074,3.7533276557682798,0.4014845088113277,26,0.6885266576981626,0.697008698336602,0.6927676780173823,0.0042410203192196905,18
0.10966336727142334,0.03277695178985596,0.03357350826263428,0.004554390907287598,0.1,4,9,80,"{'learning_rate': 0.1, 'max_depth': 4, 'min_child_weight': 9, 'n_estimators': 80}",3.564658584858981,4.000930232558139,3.7827944087085603,0.2181358238495792,20,0.6914991604671039,0.6938121958306094,0.6926556781488566,0.0011565176817527334,19
0.08613014221191406,0.021318674087524414,0.029964685440063477,0.0048410892486572266,0.1,2,3,120,"{'learning_rate': 0.1, 'max_depth': 2, 'min_child_weight': 3, 'n_estimators': 120}",3.511454725383474,4.1548121645796074,3.8331334449815406,0.3216787195980668,8,0.6883676648341922,0.6960734909566354,0.6922205778954138,0.0038529130612215967,20
0.06546509265899658,0.018640875816345215,0.02331531047821045,3.039836883544922e-05,0.2,4,3,40,"{'learning_rate': 0.2, 'max_depth': 4, 'min_child_weight': 3, 'n_estimators': 40}",3.458250865907966,4.000930232558139,3.7295905492330528,0.27133968332508673,31,0.6968527631252878,0.6873973995787027,0.6921250813519952,0.004727681773292525,21
0.03851330280303955,0.00823962688446045,0.01825892925262451,0.0002180337905883789,0.2,2,3,20,"{'learning_rate': 0.2, 'max_depth': 2, 'min_child_weight': 3, 'n_estimators': 20}",3.351843146956952,3.9239892665474065,3.6379162067521795,0.28607305979522724,78,0.6865956688194448,0.6975979697828139,0.6920968193011293,0.005501150481684536,22
0.04728138446807861,0.011765837669372559,0.02097177505493164,0.0011167526245117188,0.1,2,6,40,"{'learning_rate': 0.1, 'max_depth': 2, 'min_child_weight': 6, 'n_estimators': 40}",3.511454725383474,4.077871198568873,3.7946629619761736,0.2832082365926998,17,0.6831164750744707,0.7010378078012639,0.6920771414378672,0.008960666363396597,23
0.09503567218780518,0.025708317756652832,0.02452099323272705,0.0008651018142700195,0.1,2,6,120,"{'learning_rate': 0.1, 'max_depth': 2, 'min_child_weight': 6, 'n_estimators': 120}",3.6178624443344876,4.1548121645796074,3.8863373044570473,0.26847486012255994,2,0.6902585103854266,0.6938258153555604,0.6920421628704936,0.0017836524850669,24
0.056336164474487305,0.009300947189331055,0.03084743022918701,0.003059983253479004,0.2,4,12,20,"{'learning_rate': 0.2, 'max_depth': 4, 'min_child_weight': 12, 'n_estimators': 20}",3.511454725383474,4.231753130590341,3.8716039279869072,0.3601492026034334,4,0.6828683450581351,0.7011426781433863,0.6920055116007606,0.009137166542625585,25
0.07829880714416504,0.026933670043945312,0.02494657039642334,0.0019882917404174805,0.2,2,12,80,"{'learning_rate': 0.2, 'max_depth': 2, 'min_child_weight': 12, 'n_estimators': 80}",3.298639287481445,4.000930232558139,3.6497847600197924,0.35114547253834716,69,0.6941435626539354,0.6898557238323527,0.6919996432431441,0.0021439194107913395,26
0.04561352729797363,0.011461734771728516,0.02309107780456543,0.003958463668823242,0.1,2,9,40,"{'learning_rate': 0.1, 'max_depth': 2, 'min_child_weight': 9, 'n_estimators': 40}",3.458250865907966,4.077871198568873,3.7680610322384194,0.3098101663304538,22,0.6855661663185472,0.6983488595917775,0.6919575129551623,0.0063913466366151694,27
0.08242535591125488,0.018785476684570312,0.02246701717376709,0.00032460689544677734,0.2,2,9,80,"{'learning_rate': 0.2, 'max_depth': 2, 'min_child_weight': 9, 'n_estimators': 80}",3.511454725383474,4.1548121645796074,3.8331334449815406,0.3216787195980668,8,0.6910923536759909,0.6926073218566137,0.6918498377663023,0.0007574840903114,28
0.0443572998046875,0.010096311569213867,0.0240556001663208,0.0032912492752075195,0.2,4,3,20,"{'learning_rate': 0.2, 'max_depth': 4, 'min_child_weight': 3, 'n_estimators': 20}",3.511454725383474,4.077871198568873,3.7946629619761736,0.2832082365926998,17,0.6879668637377421,0.6957107576087747,0.6918388106732584,0.0038719469355162905,29
0.05014300346374512,0.011480331420898438,0.02032327651977539,0.0006132125854492188,0.2,2,9,40,"{'learning_rate': 0.2, 'max_depth': 2, 'min_child_weight': 9, 'n_estimators': 40}",3.564658584858981,4.1548121645796074,3.8597353747192944,0.29507678986031327,6,0.6892675707660485,0.6943887557202004,0.6918281632431245,0.0025605924770759625,30
0.07173275947570801,0.015727758407592773,0.02349233627319336,0.0010845661163330078,0.1,2,6,80,"{'learning_rate': 0.1, 'max_depth': 2, 'min_child_weight': 6, 'n_estimators': 80}",3.6178624443344876,4.308694096601074,3.9632782704677805,0.34541582613329314,1,0.6873394266900656,0.696108901721508,0.6917241642057868,0.00438473751572116,31
0.07478928565979004,0.025199413299560547,0.03198516368865967,0.006876587867736816,0.2,6,9,20,"{'learning_rate': 0.2, 'max_depth': 6, 'min_child_weight': 9, 'n_estimators': 20}",3.511454725383474,3.7701073345259397,3.6407810299547068,0.12932630457123295,77,0.6887299030491227,0.6945240430013802,0.6916269730252514,0.0028970699761287078,32
0.046613454818725586,0.012067317962646484,0.0267869234085083,0.005039811134338379,0.3,4,12,20,"{'learning_rate': 0.3, 'max_depth': 4, 'min_child_weight': 12, 'n_estimators': 20}",3.0326199901039086,3.9239892665474065,3.478304628325658,0.445684638221749,152,0.693390322107531,0.6890222089053534,0.6912062655064422,0.002184056601088835,33
0.04683816432952881,0.013719677925109863,0.022876739501953125,0.0020334720611572266,0.1,4,12,20,"{'learning_rate': 0.1, 'max_depth': 4, 'min_child_weight': 12, 'n_estimators': 20}",3.2454354280059374,4.000930232558139,3.6231828302820386,0.37774740227610093,85,0.6843950558592822,0.6978662744243481,0.6911306651418152,0.006735609282532973,34
0.07161307334899902,0.02071976661682129,0.0311281681060791,0.0013649463653564453,0.2,4,12,40,"{'learning_rate': 0.2, 'max_depth': 4, 'min_child_weight': 12, 'n_estimators': 40}",3.298639287481445,4.000930232558139,3.6497847600197924,0.35114547253834716,69,0.6908505454435111,0.6912390135832063,0.6910447795133587,0.0001942340698475875,35
0.08009886741638184,0.019534587860107422,0.04067063331604004,0.0004208087921142578,0.1,6,12,20,"{'learning_rate': 0.1, 'max_depth': 6, 'min_child_weight': 12, 'n_estimators': 20}",3.2454354280059374,4.077871198568873,3.661653313287405,0.41621788528146797,62,0.6873147717330286,0.6946783976174911,0.6909965846752598,0.003681812942231244,36
0.04502129554748535,0.010789871215820312,0.01875627040863037,0.00032389163970947266,0.1,2,3,40,"{'learning_rate': 0.1, 'max_depth': 2, 'min_child_weight': 3, 'n_estimators': 40}",3.351843146956952,4.1548121645796074,3.7533276557682798,0.4014845088113277,26,0.6852750481719931,0.6966545906878767,0.6909648194299349,0.005689771257941789,37
0.0673518180847168,0.017064571380615234,0.024051308631896973,0.0026324987411499023,0.1,2,3,80,"{'learning_rate': 0.1, 'max_depth': 2, 'min_child_weight': 3, 'n_estimators': 80}",3.458250865907966,4.231753130590341,3.8450019982491535,0.3867511323411874,7,0.6845992494778206,0.6973196774896492,0.6909594634837348,0.0063602140059143,38
0.08010423183441162,0.014992833137512207,0.023021936416625977,0.0002739429473876953,0.3,2,9,80,"{'learning_rate': 0.3, 'max_depth': 2, 'min_child_weight': 9, 'n_estimators': 80}",3.2454354280059374,4.000930232558139,3.6231828302820386,0.37774740227610093,85,0.692046626949006,0.6893794944432337,0.6907130606961198,0.0013335662528861647,39
0.052614450454711914,0.012622594833374023,0.024021267890930176,0.0005756616592407227,0.4,2,9,40,"{'learning_rate': 0.4, 'max_depth': 2, 'min_child_weight': 9, 'n_estimators': 40}",3.1922315685304303,3.7701073345259397,3.481169451528185,0.2889378829977547,146,0.6908935335737296,0.690478136122612,0.6906858348481708,0.00020769872555881363,40
0.06937789916992188,0.01945662498474121,0.0278472900390625,0.0017695426940917969,0.2,1,9,120,"{'learning_rate': 0.2, 'max_depth': 1, 'min_child_weight': 9, 'n_estimators': 120}",3.405047006432459,4.000930232558139,3.702988619495299,0.29794161306284006,40,0.6845391925311917,0.6958651122248856,0.6902021523780386,0.005662959846846949,41
0.07994222640991211,0.031948089599609375,0.030882716178894043,0.0061081647872924805,0.2,4,9,40,"{'learning_rate': 0.2, 'max_depth': 4, 'min_child_weight': 9, 'n_estimators': 40}",3.351843146956952,3.847048300536673,3.5994457237468125,0.24760257678986042,100,0.6940335636148465,0.6862202186387738,0.6901268911268101,0.0039066724880363335,42
0.035884976387023926,0.008834481239318848,0.019383907318115234,5.14984130859375e-05,0.2,2,9,20,"{'learning_rate': 0.2, 'max_depth': 2, 'min_child_weight': 9, 'n_estimators': 20}",3.458250865907966,3.7701073345259397,3.614179100216953,0.15592823430898695,88,0.6853455360619838,0.6949072056366674,0.6901263708493256,0.0047808347873418144,43
0.11664998531341553,0.040842652320861816,0.045148253440856934,0.002812504768371582,0.1,6,12,40,"{'learning_rate': 0.1, 'max_depth': 6, 'min_child_weight': 12, 'n_estimators': 40}",3.405047006432459,3.9239892665474065,3.664518136489933,0.2594711300574737,55,0.6900315583450076,0.6897254303769884,0.689878494360998,0.00015306398400960486,44
0.04171788692474365,0.009935736656188965,0.019926071166992188,0.00026679039001464844,0.3,2,9,20,"{'learning_rate': 0.3, 'max_depth': 2, 'min_child_weight': 9, 'n_estimators': 20}",3.298639287481445,3.9239892665474065,3.6113142770144258,0.3126749895329808,96,0.6824065387474776,0.6972633834531851,0.6898349611003314,0.007428422352853736,45
0.08233833312988281,0.03022623062133789,0.024310708045959473,0.00019466876983642578,0.2,1,12,120,"{'learning_rate': 0.2, 'max_depth': 1, 'min_child_weight': 12, 'n_estimators': 120}",3.511454725383474,3.9239892665474065,3.71772199596544,0.20626727058196637,36,0.6844513197355977,0.6951632527057456,0.6898072862206717,0.005355966485073971,46
0.07516896724700928,0.017304301261901855,0.024399280548095703,0.0030803680419921875,0.2,1,6,120,"{'learning_rate': 0.2, 'max_depth': 1, 'min_child_weight': 6, 'n_estimators': 120}",3.458250865907966,4.000930232558139,3.7295905492330528,0.27133968332508673,31,0.6841105755857766,0.695463790222997,0.6897871829043868,0.005676607318610194,47
0.03572285175323486,0.009103894233703613,0.023067235946655273,0.00454401969909668,0.4,2,3,20,"{'learning_rate': 0.4, 'max_depth': 2, 'min_child_weight': 3, 'n_estimators': 20}",3.298639287481445,4.000930232558139,3.6497847600197924,0.35114547253834716,69,0.6837755210414254,0.6957951986634706,0.6897853598524479,0.0060098388110226275,48
0.07286131381988525,0.022136330604553223,0.03783881664276123,0.0001169443130493164,0.2,6,12,20,"{'learning_rate': 0.2, 'max_depth': 6, 'min_child_weight': 12, 'n_estimators': 20}",3.298639287481445,4.000930232558139,3.6497847600197924,0.35114547253834716,69,0.6839989961007238,0.6953144294327014,0.6896567127667126,0.005657716665988799,49
0.0395815372467041,0.004781246185302734,0.024711966514587402,0.005143523216247559,0.3,2,12,20,"{'learning_rate': 0.3, 'max_depth': 2, 'min_child_weight': 12, 'n_estimators': 20}",3.1390277090549232,3.7701073345259397,3.4545675217904313,0.31553981273550824,155,0.6856164245001998,0.6932914759933173,0.6894539502467585,0.0038375257465587675,50
0.0834275484085083,0.01566183567047119,0.03608882427215576,0.001692652702331543,0.1,6,3,20,"{'learning_rate': 0.1, 'max_depth': 6, 'min_child_weight': 3, 'n_estimators': 20}",3.2454354280059374,3.7701073345259397,3.507771381265939,0.26233595326000114,135,0.6915402520621658,0.6873538170988596,0.6894470345805127,0.0020932174816531424,51
0.03651833534240723,0.011889934539794922,0.017586112022399902,0.0012313127517700195,0.1,2,12,20,"{'learning_rate': 0.1, 'max_depth': 2, 'min_child_weight': 12, 'n_estimators': 20}",3.085823849579416,3.9239892665474065,3.5049065580634116,0.4190827084839952,143,0.6787193583136515,0.7001475448536354,0.6894334515836434,0.010714093269991953,52
0.03882789611816406,0.004755258560180664,0.019945621490478516,0.0010268688201904297,0.4,2,6,20,"{'learning_rate': 0.4, 'max_depth': 2, 'min_child_weight': 6, 'n_estimators': 20}",3.298639287481445,3.847048300536673,3.572843794009059,0.27420450652761397,110,0.6933852646804465,0.6848700697319677,0.6891276672062071,0.004257597474239372,53
0.08696281909942627,0.01492154598236084,0.0320134162902832,0.002617359161376953,0.2,1,3,80,"{'learning_rate': 0.2, 'max_depth': 1, 'min_child_weight': 3, 'n_estimators': 80}",3.405047006432459,4.000930232558139,3.702988619495299,0.29794161306284006,40,0.682326884270896,0.6958941672114476,0.6891105257411718,0.00678364147027577,54
0.03671407699584961,0.0071184635162353516,0.020334601402282715,0.0014733076095581055,0.2,2,6,20,"{'learning_rate': 0.2, 'max_depth': 2, 'min_child_weight': 6, 'n_estimators': 20}",3.458250865907966,3.7701073345259397,3.614179100216953,0.15592823430898695,88,0.6843751422401367,0.6937563557783104,0.6890657490092236,0.004690606769086836,55
0.0703808069229126,0.018635153770446777,0.029433012008666992,0.00573277473449707,0.3,2,12,80,"{'learning_rate': 0.3, 'max_depth': 2, 'min_child_weight': 12, 'n_estimators': 80}",3.1390277090549232,3.6162254025044724,3.377626555779698,0.2385988467247746,171,0.6903833656165762,0.6876915813176436,0.6890374734671099,0.0013458921494662879,56
0.15105271339416504,0.03201794624328613,0.040846943855285645,0.008577942848205566,0.1,4,3,120,"{'learning_rate': 0.1, 'max_depth': 4, 'min_child_weight': 3, 'n_estimators': 120}",3.2454354280059374,3.847048300536673,3.5462418642713054,0.30080643626536774,116,0.6841902300623581,0.6937218529817679,0.688956041522063,0.004765811459704894,57
0.05347764492034912,0.019055485725402832,0.021982908248901367,6.318092346191406e-05,0.2,4,6,20,"{'learning_rate': 0.2, 'max_depth': 4, 'min_child_weight': 6, 'n_estimators': 20}",3.351843146956952,4.231753130590341,3.7917981387736464,0.4399549918166943,19,0.6828702415932918,0.6950266034720709,0.6889484225326814,0.006078180939389555,58
0.04858052730560303,0.01333916187286377,0.023995280265808105,0.004372239112854004,0.2,2,3,40,"{'learning_rate': 0.2, 'max_depth': 2, 'min_child_weight': 3, 'n_estimators': 40}",3.458250865907966,4.1548121645796074,3.806531515243787,0.3482806493358208,13,0.683692705672916,0.694156315827704,0.6889245107503099,0.005231805077394014,59
0.2114393711090088,0.04748415946960449,0.05049097537994385,0.012843489646911621,0.1,6,9,80,"{'learning_rate': 0.1, 'max_depth': 6, 'min_child_weight': 9, 'n_estimators': 80}",3.351843146956952,3.7701073345259397,3.560975240741446,0.20913209378449382,113,0.690658679303491,0.6871604198445558,0.6889095495740234,0.0017491297294676134,60
0.09766387939453125,0.029234886169433594,0.029869437217712402,0.0077790021896362305,0.2,1,3,120,"{'learning_rate': 0.2, 'max_depth': 1, 'min_child_weight': 3, 'n_estimators': 120}",3.458250865907966,4.000930232558139,3.7295905492330528,0.27133968332508673,31,0.6846340192890269,0.6930976247548485,0.6888658220219377,0.004231802732910794,61
0.10215306282043457,0.025470733642578125,0.025559067726135254,0.0005358457565307617,0.2,2,9,120,"{'learning_rate': 0.2, 'max_depth': 2, 'min_child_weight': 9, 'n_estimators': 120}",3.405047006432459,3.7701073345259397,3.587577170479199,0.18253016404674027,103,0.6904437386523979,0.6872457688675819,0.68884475375999,0.0015989848924080063,62
0.049280405044555664,0.014950752258300781,0.023758292198181152,0.0040787458419799805,0.2,2,6,40,"{'learning_rate': 0.2, 'max_depth': 2, 'min_child_weight': 6, 'n_estimators': 40}",3.564658584858981,4.077871198568873,3.821264891713927,0.25660630685494623,10,0.6849893035417162,0.6923962192198736,0.6886927613807949,0.0037034578390787165,63
0.07036876678466797,0.020630836486816406,0.021506905555725098,0.00020301342010498047,0.1,1,12,120,"{'learning_rate': 0.1, 'max_depth': 1, 'min_child_weight': 12, 'n_estimators': 120}",3.405047006432459,4.000930232558139,3.702988619495299,0.29794161306284006,40,0.681022700261469,0.6962278455727464,0.6886252729171077,0.007602572655638684,64
0.09058547019958496,0.028359413146972656,0.034265995025634766,0.0040035247802734375,0.3,1,3,120,"{'learning_rate': 0.3, 'max_depth': 1, 'min_child_weight': 3, 'n_estimators': 120}",3.6178624443344876,4.000930232558139,3.809396338446313,0.19153389411182586,12,0.6850746476237679,0.6919227137357449,0.6884986806797564,0.0034240330559884846,65
0.0672605037689209,0.01798558235168457,0.02383124828338623,0.0013414621353149414,0.3,1,9,120,"{'learning_rate': 0.3, 'max_depth': 1, 'min_child_weight': 9, 'n_estimators': 120}",3.6178624443344876,3.847048300536673,3.73245537243558,0.11459292810109267,29,0.6868494884412504,0.6897018232004067,0.6882756558208285,0.0014261673795781804,66
0.05340445041656494,0.012552380561828613,0.026026606559753418,0.004846453666687012,0.4,2,3,40,"{'learning_rate': 0.4, 'max_depth': 2, 'min_child_weight': 3, 'n_estimators': 40}",3.298639287481445,3.7701073345259397,3.5343733110036926,0.23573402352224737,122,0.685834209954028,0.6906270429287427,0.6882306264413853,0.0023964164873573335,67
0.0589674711227417,0.013247847557067871,0.02982795238494873,0.0028482675552368164,0.2,4,9,20,"{'learning_rate': 0.2, 'max_depth': 4, 'min_child_weight': 9, 'n_estimators': 20}",3.458250865907966,4.1548121645796074,3.806531515243787,0.3482806493358208,13,0.6824258201882374,0.6940201205781943,0.6882229703832159,0.005797150194978451,68
0.05839991569519043,0.011353731155395508,0.022217631340026855,0.0011309385299682617,0.2,1,12,80,"{'learning_rate': 0.2, 'max_depth': 1, 'min_child_weight': 12, 'n_estimators': 80}",3.405047006432459,3.9239892665474065,3.664518136489933,0.2594711300574737,55,0.6824988367917706,0.6939070785211012,0.6882029576564359,0.0057041208646653185,69
0.07550930976867676,0.027905941009521484,0.028727293014526367,0.003180980682373047,0.2,4,6,40,"{'learning_rate': 0.2, 'max_depth': 4, 'min_child_weight': 6, 'n_estimators': 40}",3.351843146956952,3.9239892665474065,3.6379162067521795,0.28607305979522724,78,0.6837789980225459,0.6926182174765745,0.6881986077495602,0.004419609727014273,70
0.09146010875701904,0.022022604942321777,0.025136351585388184,0.00047791004180908203,0.2,2,12,120,"{'learning_rate': 0.2, 'max_depth': 2, 'min_child_weight': 12, 'n_estimators': 120}",3.351843146956952,3.847048300536673,3.5994457237468125,0.24760257678986042,100,0.6945076974040226,0.6818024987288444,0.6881550980664335,0.006352599337589138,71
0.05669140815734863,0.015431404113769531,0.020879507064819336,0.0004239082336425781,0.2,1,9,80,"{'learning_rate': 0.2, 'max_depth': 1, 'min_child_weight': 9, 'n_estimators': 80}",3.405047006432459,3.9239892665474065,3.664518136489933,0.2594711300574737,55,0.6823512231387404,0.6939070785211012,0.6881291508299208,0.005777927691180407,72
0.07078540325164795,0.024751782417297363,0.032631635665893555,0.0013332366943359375,0.3,6,12,20,"{'learning_rate': 0.3, 'max_depth': 6, 'min_child_weight': 12, 'n_estimators': 20}",3.511454725383474,3.6931663685152056,3.6023105469493397,0.09085582156586591,99,0.6855294999721842,0.6906470182320041,0.6880882591020941,0.002558759129909993,73
0.0445249080657959,0.011294364929199219,0.01900506019592285,7.152557373046875e-07,0.3,2,3,40,"{'learning_rate': 0.3, 'max_depth': 2, 'min_child_weight': 3, 'n_estimators': 40}",3.298639287481445,3.7701073345259397,3.5343733110036926,0.23573402352224737,122,0.6880360872709619,0.6880479588871939,0.6880420230790779,5.935808116031005e-06,74
0.07058596611022949,0.01782989501953125,0.027356743812561035,0.0049103498458862305,0.1,1,9,120,"{'learning_rate': 0.1, 'max_depth': 1, 'min_child_weight': 9, 'n_estimators': 120}",3.405047006432459,4.000930232558139,3.702988619495299,0.29794161306284006,40,0.6798244061316245,0.6962278455727464,0.6880261258521855,0.00820171972056094,75
0.036618590354919434,0.010080695152282715,0.018799304962158203,0.00020742416381835938,0.2,2,12,20,"{'learning_rate': 0.2, 'max_depth': 2, 'min_child_weight': 12, 'n_estimators': 20}",3.405047006432459,3.9239892665474065,3.664518136489933,0.2594711300574737,55,0.6826413930177161,0.6933450461247911,0.6879932195712536,0.005351826553537498,76
0.057707905769348145,0.014847636222839355,0.021654725074768066,0.0006753206253051758,0.2,1,6,80,"{'learning_rate': 0.2, 'max_depth': 1, 'min_child_weight': 6, 'n_estimators': 80}",3.405047006432459,3.9239892665474065,3.664518136489933,0.2594711300574737,55,0.6820522027623666,0.6939070785211012,0.6879796406417339,0.005927437879367337,77
0.07603871822357178,0.015839219093322754,0.027571797370910645,0.005573153495788574,0.3,1,6,120,"{'learning_rate': 0.3, 'max_depth': 1, 'min_child_weight': 6, 'n_estimators': 120}",3.564658584858981,3.847048300536673,3.705853442697827,0.141194857838846,38,0.6860153290614932,0.689917011694632,0.6879661703780626,0.0019508413165694183,78
0.07491981983184814,0.010498404502868652,0.03470146656036377,0.0024896860122680664,0.1,6,6,20,"{'learning_rate': 0.1, 'max_depth': 6, 'min_child_weight': 6, 'n_estimators': 20}",3.085823849579416,4.000930232558139,3.5433770410687777,0.4575531914893616,120,0.68373063637605,0.6921973741555895,0.6879640052658198,0.0042333688897697175,79
0.0715564489364624,0.020583033561706543,0.023786187171936035,0.0012565851211547852,0.3,1,12,120,"{'learning_rate': 0.3, 'max_depth': 1, 'min_child_weight': 12, 'n_estimators': 120}",3.511454725383474,3.9239892665474065,3.71772199596544,0.20626727058196637,36,0.6862647234346,0.6896573327522336,0.6879610280934167,0.0016963046588168162,80
3.0705291032791138,0.026174187660217285,0.041975975036621094,0.00045013427734375,0.1,1,6,120,"{'learning_rate': 0.1, 'max_depth': 1, 'min_child_weight': 6, 'n_estimators': 120}",3.405047006432459,4.000930232558139,3.702988619495299,0.29794161306284006,40,0.6794482599922116,0.6962278455727464,0.687838052782479,0.008389792790267414,81
0.04545414447784424,0.01402890682220459,0.024981141090393066,0.004395842552185059,0.3,4,3,20,"{'learning_rate': 0.3, 'max_depth': 4, 'min_child_weight': 3, 'n_estimators': 20}",3.2454354280059374,3.847048300536673,3.5462418642713054,0.30080643626536774,116,0.6970917265550324,0.6780303443015908,0.6875610354283116,0.00953069112672078,82
3.2623391151428223,0.025717735290527344,0.0375368595123291,0.0018930435180664062,0.1,1,3,120,"{'learning_rate': 0.1, 'max_depth': 1, 'min_child_weight': 3, 'n_estimators': 120}",3.298639287481445,4.077871198568873,3.688255243025159,0.3896159555437142,50,0.6785104233572212,0.6965783213481515,0.6875443723526864,0.009033948995465113,83
0.17496049404144287,0.0378495454788208,0.0427166223526001,0.007063508033752441,0.1,4,9,120,"{'learning_rate': 0.1, 'max_depth': 4, 'min_child_weight': 9, 'n_estimators': 120}",3.458250865907966,3.6931663685152056,3.5757086172115855,0.1174577513036199,109,0.691462494120741,0.6835748529091306,0.6875186735149358,0.003943820605805226,84
0.06712889671325684,0.017321348190307617,0.023129820823669434,0.0005158185958862305,0.2,2,3,80,"{'learning_rate': 0.2, 'max_depth': 2, 'min_child_weight': 3, 'n_estimators': 80}",3.351843146956952,4.000930232558139,3.6763866897575457,0.3245435428005936,54,0.6842831602850366,0.690507191109174,0.6873951756971053,0.003112015412068736,85
0.061704397201538086,0.013595104217529297,0.03224766254425049,0.0002542734146118164,0.2,1,3,40,"{'learning_rate': 0.2, 'max_depth': 1, 'min_child_weight': 3, 'n_estimators': 40}",3.298639287481445,4.000930232558139,3.6497847600197924,0.35114547253834716,69,0.6788571732017055,0.6957398125953367,0.6872984928985211,0.008441319696815608,86
0.07323217391967773,0.02271437644958496,0.030901312828063965,0.0036715269088745117,0.2,2,6,80,"{'learning_rate': 0.2, 'max_depth': 2, 'min_child_weight': 6, 'n_estimators': 80}",3.458250865907966,3.847048300536673,3.6526495832223196,0.19439871731435354,64,0.6879921508731648,0.686586583859955,0.6872893673665599,0.0007027835066049093,87
0.05047261714935303,0.008510708808898926,0.025138258934020996,0.004730105400085449,0.4,2,12,40,"{'learning_rate': 0.4, 'max_depth': 2, 'min_child_weight': 12, 'n_estimators': 40}",3.1390277090549232,3.4623434704830056,3.3006855897689644,0.1616578807140412,190,0.6931232267396286,0.6814384034284884,0.6872808150840585,0.00584241165557009,88
0.05781829357147217,0.012479662895202637,0.022095441818237305,0.0014281272888183594,0.3,1,12,80,"{'learning_rate': 0.3, 'max_depth': 1, 'min_child_weight': 12, 'n_estimators': 80}",3.458250865907966,3.7701073345259397,3.614179100216953,0.15592823430898695,88,0.6841247995994517,0.6902724812958525,0.6871986404476521,0.003073840848200393,89
0.05086195468902588,0.01640164852142334,0.03207683563232422,0.0005865097045898438,0.3,4,9,20,"{'learning_rate': 0.3, 'max_depth': 4, 'min_child_weight': 9, 'n_estimators': 20}",3.458250865907966,4.1548121645796074,3.806531515243787,0.3482806493358208,13,0.6882206833595477,0.6860318152102854,0.6871262492849166,0.001094434074631112,90
0.11570274829864502,0.03477346897125244,0.03532826900482178,0.00819694995880127,0.1,4,6,80,"{'learning_rate': 0.1, 'max_depth': 4, 'min_child_weight': 6, 'n_estimators': 80}",3.405047006432459,3.9239892665474065,3.664518136489933,0.2594711300574737,55,0.6785157968734987,0.6957071257354542,0.6871114613044764,0.008595664430977756,91
0.03927755355834961,0.010085344314575195,0.018883466720581055,2.3603439331054688e-05,0.2,1,12,40,"{'learning_rate': 0.2, 'max_depth': 1, 'min_child_weight': 12, 'n_estimators': 40}",3.405047006432459,4.000930232558139,3.702988619495299,0.29794161306284006,40,0.6781690470290145,0.6957398125953367,0.6869544298121756,0.0087853827831611,92
0.03839850425720215,0.009719133377075195,0.019118070602416992,0.0014345645904541016,0.2,1,9,40,"{'learning_rate': 0.2, 'max_depth': 1, 'min_child_weight': 9, 'n_estimators': 40}",3.458250865907966,4.000930232558139,3.7295905492330528,0.27133968332508673,31,0.6781017200309515,0.6957398125953367,0.686920766313144,0.0088190462821926,93
0.04657483100891113,0.012330055236816406,0.02361750602722168,0.002768278121948242,0.3,2,6,40,"{'learning_rate': 0.3, 'max_depth': 2, 'min_child_weight': 6, 'n_estimators': 40}",3.351843146956952,3.9239892665474065,3.6379162067521795,0.28607305979522724,78,0.6858534913947878,0.6876711520302172,0.6867623217125025,0.000908830317714715,94
0.054593801498413086,0.013455390930175781,0.01999366283416748,0.0002995729446411133,0.1,1,12,80,"{'learning_rate': 0.1, 'max_depth': 1, 'min_child_weight': 12, 'n_estimators': 80}",3.298639287481445,3.9239892665474065,3.6113142770144258,0.3126749895329808,96,0.6789301898052384,0.6943447192561922,0.6866374545307153,0.007707264725476892,95
0.038358211517333984,0.009956121444702148,0.022310376167297363,0.0030063390731811523,0.4,2,12,20,"{'learning_rate': 0.4, 'max_depth': 2, 'min_child_weight': 12, 'n_estimators': 20}",3.298639287481445,3.6931663685152056,3.495902827998325,0.19726354051688033,144,0.6904450030091691,0.6828144294327014,0.6866297162209353,0.0038152867882338404,96
0.06993448734283447,0.009325623512268066,0.02536618709564209,0.003870844841003418,0.3,1,6,80,"{'learning_rate': 0.3, 'max_depth': 1, 'min_child_weight': 6, 'n_estimators': 80}",3.511454725383474,3.847048300536673,3.6792515129600734,0.16779678757659955,53,0.6830548376818777,0.6901326541730224,0.68659374592745,0.0035389082455723475,97
0.0457538366317749,0.005406737327575684,0.02265775203704834,0.003634810447692871,0.2,1,6,40,"{'learning_rate': 0.2, 'max_depth': 1, 'min_child_weight': 6, 'n_estimators': 40}",3.298639287481445,4.000930232558139,3.6497847600197924,0.35114547253834716,69,0.6773620713198367,0.6957398125953367,0.6865509419575867,0.00918887063774998,98
0.05541205406188965,0.015895366668701172,0.020297646522521973,0.0002893209457397461,0.3,1,9,80,"{'learning_rate': 0.3, 'max_depth': 1, 'min_child_weight': 9, 'n_estimators': 80}",3.564658584858981,3.847048300536673,3.705853442697827,0.141194857838846,38,0.6837309524652428,0.689311396818479,0.6865211746418609,0.0027902221766180624,99
0.07027995586395264,0.01858055591583252,0.024078011512756348,0.000754237174987793,0.4,1,9,120,"{'learning_rate': 0.4, 'max_depth': 1, 'min_child_weight': 9, 'n_estimators': 120}",3.6178624443344876,3.847048300536673,3.73245537243558,0.11459292810109267,29,0.6872499734485078,0.6856518304641535,0.6864509019563306,0.0007990714921771724,100
0.040248751640319824,0.014740347862243652,0.018991470336914062,0.0008342266082763672,0.4,2,9,20,"{'learning_rate': 0.4, 'max_depth': 2, 'min_child_weight': 9, 'n_estimators': 20}",3.2454354280059374,3.847048300536673,3.5462418642713054,0.30080643626536774,116,0.6851644169545186,0.6875953366746568,0.6863798768145877,0.0012154598600691013,101
0.035973548889160156,0.00787973403930664,0.018461227416992188,0.0023567676544189453,0.1,2,6,20,"{'learning_rate': 0.1, 'max_depth': 2, 'min_child_weight': 6, 'n_estimators': 20}",3.2454354280059374,3.847048300536673,3.5462418642713054,0.30080643626536774,116,0.675536340142316,0.6971167465678798,0.6863265433550979,0.010790203212781901,102
0.08514130115509033,0.02462136745452881,0.028182625770568848,0.0018063783645629883,0.1,4,6,40,"{'learning_rate': 0.1, 'max_depth': 4, 'min_child_weight': 6, 'n_estimators': 40}",3.298639287481445,4.077871198568873,3.688255243025159,0.3896159555437142,50,0.6776727869963435,0.6944927180939929,0.6860827525451683,0.008409965548824727,103
0.05220675468444824,0.015385866165161133,0.021021485328674316,0.00012195110321044922,0.4,4,6,20,"{'learning_rate': 0.4, 'max_depth': 4, 'min_child_weight': 6, 'n_estimators': 20}",3.298639287481445,3.6931663685152056,3.495902827998325,0.19726354051688033,144,0.6807600301422654,0.6910778492046197,0.6859189396734425,0.005158909531177147,104
0.057962656021118164,0.011754751205444336,0.01957845687866211,0.0005307197570800781,0.1,1,9,80,"{'learning_rate': 0.1, 'max_depth': 1, 'min_child_weight': 9, 'n_estimators': 80}",3.298639287481445,3.9239892665474065,3.6113142770144258,0.3126749895329808,96,0.6773996859337779,0.6943447192561922,0.685872202594985,0.008472516661207186,105
0.07823896408081055,0.01399850845336914,0.032015323638916016,0.0027496814727783203,0.3,1,3,80,"{'learning_rate': 0.3, 'max_depth': 1, 'min_child_weight': 3, 'n_estimators': 80}",3.458250865907966,3.9239892665474065,3.691120066227686,0.23286920031972036,47,0.6828101846466628,0.6888161000944287,0.6858131423705458,0.003002957723882982,106
0.07330882549285889,0.01933443546295166,0.023957133293151855,0.000580906867980957,0.4,1,12,120,"{'learning_rate': 0.4, 'max_depth': 1, 'min_child_weight': 12, 'n_estimators': 120}",3.458250865907966,3.847048300536673,3.6526495832223196,0.19439871731435354,64,0.6841222708859095,0.6874278165177599,0.6857750437018346,0.0016527728159251853,107
0.05630040168762207,0.014965534210205078,0.021864771842956543,0.0014671087265014648,0.4,1,9,80,"{'learning_rate': 0.4, 'max_depth': 1, 'min_child_weight': 9, 'n_estimators': 80}",3.405047006432459,3.7701073345259397,3.587577170479199,0.18253016404674027,103,0.6846599386028351,0.6867268649669499,0.6856934017848926,0.0010334631820573814,108
0.16196179389953613,0.05495762825012207,0.04564321041107178,0.009609341621398926,0.1,4,12,120,"{'learning_rate': 0.1, 'max_depth': 4, 'min_child_weight': 12, 'n_estimators': 120}",3.405047006432459,3.7701073345259397,3.587577170479199,0.18253016404674027,103,0.6849576946224378,0.6863450642841578,0.6856513794532978,0.0006936848308599641,109
3.0503385066986084,0.07260394096374512,0.03869140148162842,0.001189112663269043,0.1,1,6,80,"{'learning_rate': 0.1, 'max_depth': 1, 'min_child_weight': 6, 'n_estimators': 80}",3.2454354280059374,3.9239892665474065,3.584712347276672,0.33927691927073456,106,0.6768130243919708,0.6943447192561922,0.6855788718240815,0.00876584743211073,110
0.07954585552215576,0.011836409568786621,0.036806583404541016,0.0005962848663330078,0.3,4,3,40,"{'learning_rate': 0.3, 'max_depth': 4, 'min_child_weight': 3, 'n_estimators': 40}",3.405047006432459,3.847048300536673,3.626047653484566,0.22100064705210687,82,0.690392532203167,0.680448717948718,0.6854206250759425,0.004971907127224506,111
0.055014729499816895,0.013584017753601074,0.021404385566711426,6.854534149169922e-05,0.4,1,12,80,"{'learning_rate': 0.4, 'max_depth': 1, 'min_child_weight': 12, 'n_estimators': 80}",3.458250865907966,3.847048300536673,3.6526495832223196,0.19439871731435354,64,0.6837372742490986,0.6870028873392896,0.685370080794194,0.001632806545095511,112
0.051514267921447754,0.010576844215393066,0.019465208053588867,0.0001590251922607422,0.3,1,6,40,"{'learning_rate': 0.3, 'max_depth': 1, 'min_child_weight': 6, 'n_estimators': 40}",3.458250865907966,3.847048300536673,3.6526495832223196,0.19439871731435354,64,0.6817389583723177,0.6886821747657441,0.6852105665690309,0.003471608196713216,113
0.1126474142074585,0.03644907474517822,0.04203033447265625,0.00446772575378418,0.2,6,9,40,"{'learning_rate': 0.2, 'max_depth': 6, 'min_child_weight': 9, 'n_estimators': 40}",3.351843146956952,3.6931663685152056,3.522504757736079,0.17066161077912678,132,0.6846985014843548,0.6856758916249002,0.6851871965546275,0.00048869507027266,114
0.09020078182220459,0.0178605318069458,0.03336620330810547,0.005700826644897461,0.4,1,3,120,"{'learning_rate': 0.4, 'max_depth': 1, 'min_child_weight': 3, 'n_estimators': 120}",3.405047006432459,3.847048300536673,3.626047653484566,0.22100064705210687,82,0.6853183523914044,0.6848224013946393,0.6850703768930219,0.0002479754983825133,115
0.1159508228302002,0.025598526000976562,0.03736472129821777,0.009099006652832031,0.2,6,12,40,"{'learning_rate': 0.2, 'max_depth': 6, 'min_child_weight': 12, 'n_estimators': 40}",3.2454354280059374,3.7701073345259397,3.507771381265939,0.26233595326000114,135,0.6821138401549596,0.6879694196266434,0.6850416298908015,0.0029277897358419014,116
3.3140029907226562,0.008337259292602539,0.034723877906799316,0.0033708810806274414,0.1,1,3,80,"{'learning_rate': 0.1, 'max_depth': 1, 'min_child_weight': 3, 'n_estimators': 80}",3.2454354280059374,3.9239892665474065,3.584712347276672,0.33927691927073456,106,0.6755470871748707,0.6943447192561922,0.6849459032155314,0.009398816040660785,117
0.04575669765472412,0.0132371187210083,0.01957261562347412,0.00024330615997314453,0.3,1,9,40,"{'learning_rate': 0.3, 'max_depth': 1, 'min_child_weight': 9, 'n_estimators': 40}",3.458250865907966,3.847048300536673,3.6526495832223196,0.19439871731435354,64,0.68056753182386,0.6886821747657441,0.684624853294802,0.004057321470942066,118
0.049495577812194824,0.014367461204528809,0.021802425384521484,0.0025110244750976562,0.4,2,6,40,"{'learning_rate': 0.4, 'max_depth': 2, 'min_child_weight': 6, 'n_estimators': 40}",3.1390277090549232,3.6931663685152056,3.4160970387850647,0.2770693297301412,167,0.6948933262192193,0.674212791457834,0.6845530588385267,0.010340267380692658,119
0.03781890869140625,0.010225057601928711,0.01787424087524414,0.0003559589385986328,0.1,2,9,20,"{'learning_rate': 0.1, 'max_depth': 2, 'min_child_weight': 9, 'n_estimators': 20}",3.1390277090549232,3.9239892665474065,3.531508487801165,0.39248077874624165,131,0.6756321151677296,0.6933346044889954,0.6844833598283625,0.008851244660632918,120
0.04096329212188721,0.009733796119689941,0.019333958625793457,9.453296661376953e-05,0.3,1,12,40,"{'learning_rate': 0.3, 'max_depth': 1, 'min_child_weight': 12, 'n_estimators': 40}",3.351843146956952,3.847048300536673,3.5994457237468125,0.24760257678986042,100,0.6802681953582934,0.6886821747657441,0.6844751850620188,0.00420698970372535,121
0.07463276386260986,0.013949990272521973,0.02208566665649414,0.0010242462158203125,0.4,1,6,120,"{'learning_rate': 0.4, 'max_depth': 1, 'min_child_weight': 6, 'n_estimators': 120}",3.405047006432459,3.847048300536673,3.626047653484566,0.22100064705210687,82,0.686163574892909,0.6827758407786737,0.6844697078357913,0.0016938670571176595,122
0.14800965785980225,0.0418015718460083,0.04662013053894043,0.0002372264862060547,0.2,4,6,80,"{'learning_rate': 0.2, 'max_depth': 4, 'min_child_weight': 6, 'n_estimators': 80}",3.085823849579416,3.7701073345259397,3.427965592052678,0.3421417424732618,165,0.6824846127780952,0.6864340451805041,0.6844593289792997,0.0019747162012044295,123
0.038825392723083496,0.013617157936096191,0.019596457481384277,0.0011850595474243164,0.3,2,3,20,"{'learning_rate': 0.3, 'max_depth': 2, 'min_child_weight': 3, 'n_estimators': 20}",3.298639287481445,4.000930232558139,3.6497847600197924,0.35114547253834716,69,0.6830706421415169,0.6853204220236798,0.6841955320825983,0.0011248899410814528,124
0.06420743465423584,0.013335108757019043,0.021591544151306152,0.0002340078353881836,0.4,1,6,80,"{'learning_rate': 0.4, 'max_depth': 1, 'min_child_weight': 6, 'n_estimators': 80}",3.458250865907966,3.7701073345259397,3.614179100216953,0.15592823430898695,88,0.6836215856045396,0.6846594210793928,0.6841405033419662,0.0005189177374266274,125
0.11778032779693604,0.027207255363464355,0.04342782497406006,0.0031603574752807617,0.1,6,6,40,"{'learning_rate': 0.1, 'max_depth': 6, 'min_child_weight': 6, 'n_estimators': 40}",3.2454354280059374,3.9239892665474065,3.584712347276672,0.33927691927073456,106,0.6815199085617184,0.6861080845500108,0.6838139965558646,0.00229408799414621,126
0.19167065620422363,0.050968170166015625,0.0324326753616333,0.0015548467636108398,0.1,6,12,80,"{'learning_rate': 0.1, 'max_depth': 6, 'min_child_weight': 12, 'n_estimators': 80}",3.351843146956952,3.6931663685152056,3.522504757736079,0.17066161077912678,132,0.6841538798051879,0.6833405970799739,0.6837472384425809,0.00040664136260704087,127
0.05864083766937256,0.010142207145690918,0.028446674346923828,0.0069081783294677734,0.3,1,3,40,"{'learning_rate': 0.3, 'max_depth': 1, 'min_child_weight': 3, 'n_estimators': 40}",3.351843146956952,3.9239892665474065,3.6379162067521795,0.28607305979522724,78,0.6791413373860182,0.6883103617345826,0.6837258495603005,0.004584512174282185,128
0.0945669412612915,0.018169045448303223,0.025250792503356934,0.000504612922668457,0.2,2,3,120,"{'learning_rate': 0.2, 'max_depth': 2, 'min_child_weight': 3, 'n_estimators': 120}",3.298639287481445,3.847048300536673,3.572843794009059,0.27420450652761397,110,0.6826236920229203,0.6846099368054043,0.6836168144141623,0.0009931223912419962,129
0.07846260070800781,0.02026653289794922,0.03863072395324707,0.0005638599395751953,0.3,6,9,20,"{'learning_rate': 0.3, 'max_depth': 6, 'min_child_weight': 9, 'n_estimators': 20}",3.2454354280059374,3.7701073345259397,3.507771381265939,0.26233595326000114,135,0.6764074819576289,0.6899233674729426,0.6831654247152857,0.006757942757656843,130
0.06425952911376953,0.015362739562988281,0.03490018844604492,0.0006451606750488281,0.4,1,3,80,"{'learning_rate': 0.4, 'max_depth': 1, 'min_child_weight': 3, 'n_estimators': 80}",3.458250865907966,3.9239892665474065,3.691120066227686,0.23286920031972036,47,0.684161149856622,0.682065355560398,0.68311325270851,0.001047897148111987,131
0.12687373161315918,0.024300098419189453,0.04105222225189209,0.0033696889877319336,0.1,6,3,40,"{'learning_rate': 0.1, 'max_depth': 6, 'min_child_weight': 3, 'n_estimators': 40}",3.298639287481445,3.7701073345259397,3.5343733110036926,0.23573402352224737,122,0.6845012618280576,0.6813830173603544,0.682942139594206,0.0015591222338515731,132
0.0773080587387085,0.022240281105041504,0.030509114265441895,0.003466486930847168,0.3,2,6,80,"{'learning_rate': 0.3, 'max_depth': 2, 'min_child_weight': 6, 'n_estimators': 80}",3.1390277090549232,3.7701073345259397,3.4545675217904313,0.31553981273550824,155,0.6861604140009812,0.6794263456090652,0.6827933798050232,0.003367034195957963,133
0.12453687191009521,0.03518807888031006,0.03416037559509277,0.00681614875793457,0.3,2,12,120,"{'learning_rate': 0.3, 'max_depth': 2, 'min_child_weight': 12, 'n_estimators': 120}",3.1390277090549232,3.6162254025044724,3.377626555779698,0.2385988467247746,171,0.6842660914686263,0.6809008861770902,0.6825834888228582,0.0016826026457680276,134
0.09355306625366211,0.01605820655822754,0.02507650852203369,0.000512242317199707,0.2,2,6,120,"{'learning_rate': 0.2, 'max_depth': 2, 'min_child_weight': 6, 'n_estimators': 120}",3.351843146956952,3.6931663685152056,3.522504757736079,0.17066161077912678,132,0.6845676405585421,0.6804664233311541,0.6825170319448481,0.002050608613693994,135
0.07264840602874756,0.023749470710754395,0.03775811195373535,0.0013473033905029297,0.2,6,3,20,"{'learning_rate': 0.2, 'max_depth': 6, 'min_child_weight': 3, 'n_estimators': 20}",3.458250865907966,4.000930232558139,3.7295905492330528,0.27133968332508673,31,0.6855285517046058,0.6787998474613206,0.6821641995829633,0.0033643521216425998,136
0.07493221759796143,0.019645094871520996,0.02922999858856201,0.005228400230407715,0.4,2,12,80,"{'learning_rate': 0.4, 'max_depth': 2, 'min_child_weight': 12, 'n_estimators': 80}",3.0326199901039086,3.4623434704830056,3.2474817302934573,0.2148617401895485,199,0.6929364180266931,0.671138410692235,0.6820374143594641,0.010899003667229068,137
0.07271814346313477,0.010290861129760742,0.022816777229309082,0.0003587007522583008,0.3,2,3,80,"{'learning_rate': 0.3, 'max_depth': 2, 'min_child_weight': 3, 'n_estimators': 80}",3.298639287481445,3.7701073345259397,3.5343733110036926,0.23573402352224737,122,0.6798974227351577,0.6840846771264618,0.6819910499308097,0.002093627195652037,138
0.047090888023376465,0.008643031120300293,0.018841862678527832,0.0003813505172729492,0.4,1,9,40,"{'learning_rate': 0.4, 'max_depth': 1, 'min_child_weight': 9, 'n_estimators': 40}",3.458250865907966,3.7701073345259397,3.614179100216953,0.15592823430898695,88,0.6819371462961933,0.6815823164088037,0.6817597313524986,0.00017741494369477584,139
0.036137938499450684,0.00687563419342041,0.01631176471710205,3.635883331298828e-05,0.1,2,3,20,"{'learning_rate': 0.1, 'max_depth': 2, 'min_child_weight': 3, 'n_estimators': 20}",3.2454354280059374,3.7701073345259397,3.507771381265939,0.26233595326000114,135,0.6725894405979903,0.6908435933754632,0.6817165169867268,0.009127076388736444,140
0.07232320308685303,0.010352492332458496,0.04054379463195801,0.0018715858459472656,0.2,6,6,20,"{'learning_rate': 0.2, 'max_depth': 6, 'min_child_weight': 6, 'n_estimators': 20}",3.351843146956952,3.7701073345259397,3.560975240741446,0.20913209378449382,113,0.6817272630721847,0.6814043546161109,0.6815658088441479,0.00016145422803687248,141
0.04143357276916504,0.012463092803955078,0.019271373748779297,0.00013637542724609375,0.4,1,12,40,"{'learning_rate': 0.4, 'max_depth': 1, 'min_child_weight': 12, 'n_estimators': 40}",3.458250865907966,3.7701073345259397,3.614179100216953,0.15592823430898695,88,0.6814598516150894,0.6815823164088037,0.6815210840119466,6.12323968571804e-05,142
0.16212928295135498,0.026298165321350098,0.0422976016998291,0.01073145866394043,0.1,4,6,120,"{'learning_rate': 0.1, 'max_depth': 4, 'min_child_weight': 6, 'n_estimators': 120}",3.351843146956952,3.539284436493739,3.4455637917253457,0.09372064476839337,162,0.6741619843320908,0.6887021500690056,0.6814320672005483,0.007270082868457373,143
0.20230603218078613,0.06421971321105957,0.0517268180847168,0.009020328521728516,0.1,6,6,80,"{'learning_rate': 0.1, 'max_depth': 6, 'min_child_weight': 6, 'n_estimators': 80}",3.2454354280059374,3.6931663685152056,3.4693008982605713,0.2238654702546341,154,0.6810249128858185,0.6815337401031452,0.6812793264944819,0.00025441360866335083,144
0.11849451065063477,0.0413358211517334,0.03746187686920166,0.010072112083435059,0.2,4,3,80,"{'learning_rate': 0.2, 'max_depth': 4, 'min_child_weight': 3, 'n_estimators': 80}",3.1390277090549232,3.6931663685152056,3.4160970387850647,0.2770693297301412,167,0.6829543213185724,0.6794054623374737,0.681179891828023,0.0017744294905493452,145
0.053400516510009766,0.008071422576904297,0.02378213405609131,0.003365635871887207,0.4,1,6,40,"{'learning_rate': 0.4, 'max_depth': 1, 'min_child_weight': 6, 'n_estimators': 40}",3.458250865907966,3.7701073345259397,3.614179100216953,0.15592823430898695,88,0.6807195707255891,0.6815823164088037,0.6811509435671964,0.0004313728416073248,146
0.0717782974243164,0.017731666564941406,0.02474391460418701,0.0001958608627319336,0.3,4,9,40,"{'learning_rate': 0.3, 'max_depth': 4, 'min_child_weight': 9, 'n_estimators': 40}",3.1922315685304303,3.7701073345259397,3.481169451528185,0.2889378829977547,146,0.6861259602789678,0.6761440400958815,0.6811350001874246,0.004990960091543151,147
0.038678765296936035,0.004613280296325684,0.027644872665405273,0.00018787384033203125,0.3,2,6,20,"{'learning_rate': 0.3, 'max_depth': 2, 'min_child_weight': 6, 'n_estimators': 20}",3.085823849579416,4.000930232558139,3.5433770410687777,0.4575531914893616,120,0.6747394792873074,0.6871449843829448,0.6809422318351261,0.006202752547818713,148
0.07140505313873291,0.014302849769592285,0.022938847541809082,3.159046173095703e-05,0.4,2,3,80,"{'learning_rate': 0.4, 'max_depth': 2, 'min_child_weight': 3, 'n_estimators': 80}",3.405047006432459,3.539284436493739,3.472165721463099,0.06711871503063982,153,0.6822168852318071,0.6790704220236797,0.6806436536277434,0.0015732316040636962,149
0.10183203220367432,0.030448555946350098,0.025829792022705078,0.0002636909484863281,0.3,2,9,120,"{'learning_rate': 0.3, 'max_depth': 2, 'min_child_weight': 9, 'n_estimators': 120}",3.1390277090549232,3.6162254025044724,3.377626555779698,0.2385988467247746,171,0.6823287808060527,0.6788407060361735,0.6805847434211132,0.0017440373849396118,150
0.06212186813354492,0.016527652740478516,0.0339585542678833,0.0007935762405395508,0.4,1,3,40,"{'learning_rate': 0.4, 'max_depth': 1, 'min_child_weight': 3, 'n_estimators': 40}",3.298639287481445,3.847048300536673,3.572843794009059,0.27420450652761397,110,0.6801831673654345,0.680970799738505,0.6805769835519697,0.0003938161865352785,151
0.06261718273162842,0.017334818840026855,0.03370320796966553,0.008128523826599121,0.4,6,6,20,"{'learning_rate': 0.4, 'max_depth': 6, 'min_child_weight': 6, 'n_estimators': 20}",3.0326199901039086,3.539284436493739,3.285952213298824,0.2533322231949151,196,0.6825579454708212,0.6769725611970654,0.6797652533339433,0.0027926921368778834,152
0.032256484031677246,0.007087826728820801,0.018584132194519043,0.0008226633071899414,0.4,1,9,20,"{'learning_rate': 0.4, 'max_depth': 1, 'min_child_weight': 9, 'n_estimators': 20}",3.351843146956952,3.7701073345259397,3.560975240741446,0.20913209378449382,113,0.6810954007758092,0.6775831698990339,0.6793392853374216,0.001756115438387662,153
0.02972269058227539,0.008147001266479492,0.016707181930541992,0.0004532337188720703,0.3,1,12,20,"{'learning_rate': 0.3, 'max_depth': 1, 'min_child_weight': 12, 'n_estimators': 20}",3.298639287481445,3.7701073345259397,3.5343733110036926,0.23573402352224737,122,0.6734669041971587,0.6851220309435606,0.6792944675703596,0.00582756337320095,154
0.14850616455078125,0.031477928161621094,0.04242706298828125,0.003382444381713867,0.2,4,9,80,"{'learning_rate': 0.2, 'max_depth': 4, 'min_child_weight': 9, 'n_estimators': 80}",3.2454354280059374,3.385402504472272,3.315418966239105,0.06998353823316728,188,0.6809743386149729,0.6767886976102273,0.6788815181126001,0.0020928205023728053,155
0.04947543144226074,0.013032197952270508,0.032305121421813965,0.00018703937530517578,0.3,1,3,20,"{'learning_rate': 0.3, 'max_depth': 1, 'min_child_weight': 3, 'n_estimators': 20}",3.2454354280059374,3.7701073345259397,3.507771381265939,0.26233595326000114,135,0.6718886708575877,0.6851220309435606,0.6785053509005742,0.006616680042986434,156
0.04266822338104248,0.008164763450622559,0.023869872093200684,0.004183173179626465,0.3,1,6,20,"{'learning_rate': 0.3, 'max_depth': 1, 'min_child_weight': 6, 'n_estimators': 20}",3.2454354280059374,3.7701073345259397,3.507771381265939,0.26233595326000114,135,0.6718886708575877,0.6851220309435606,0.6785053509005742,0.006616680042986434,156
0.03698170185089111,0.007338166236877441,0.022543907165527344,0.0033113956451416016,0.3,1,9,20,"{'learning_rate': 0.3, 'max_depth': 1, 'min_child_weight': 9, 'n_estimators': 20}",3.2454354280059374,3.7701073345259397,3.507771381265939,0.26233595326000114,135,0.6718886708575877,0.6851220309435606,0.6785053509005742,0.006616680042986434,156
0.22241520881652832,0.03732919692993164,0.036853790283203125,0.0010788440704345703,0.1,6,12,120,"{'learning_rate': 0.1, 'max_depth': 6, 'min_child_weight': 12, 'n_estimators': 120}",3.405047006432459,3.308461538461539,3.3567542724469988,0.0482927339854602,177,0.6783157124144663,0.6782823055131838,0.678299008963825,1.6703450641253337e-05,159
0.05014824867248535,0.01446986198425293,0.028815746307373047,0.004126310348510742,0.4,1,3,20,"{'learning_rate': 0.4, 'max_depth': 1, 'min_child_weight': 3, 'n_estimators': 20}",3.1922315685304303,3.7701073345259397,3.481169451528185,0.2889378829977547,146,0.6786330659640215,0.6775831698990339,0.6781081179315277,0.0005249480324938105,160
0.04753613471984863,0.014755487442016602,0.021199941635131836,0.0017817020416259766,0.4,4,3,20,"{'learning_rate': 0.4, 'max_depth': 4, 'min_child_weight': 3, 'n_estimators': 20}",3.2454354280059374,3.4623434704830056,3.3538894492444715,0.10845402123853409,178,0.6817787856106086,0.6741678470254957,0.6779733163180521,0.0038054692925564293,161
0.046163320541381836,0.013177156448364258,0.029378652572631836,0.0006008148193359375,0.4,1,6,20,"{'learning_rate': 0.4, 'max_depth': 1, 'min_child_weight': 6, 'n_estimators': 20}",3.1922315685304303,3.7701073345259397,3.481169451528185,0.2889378829977547,146,0.6782547072002589,0.6775831698990339,0.6779189385496465,0.00033576865061252237,162
0.03043234348297119,0.007763504981994629,0.01517176628112793,6.198883056640625e-06,0.1,1,12,20,"{'learning_rate': 0.1, 'max_depth': 1, 'min_child_weight': 12, 'n_estimators': 20}",2.9794161306284015,3.6931663685152056,3.3362912495718033,0.35687511894340207,181,0.6671040287464155,0.6876588944577613,0.6773814616020883,0.010277432855672897,163
0.07984817028045654,0.015272736549377441,0.024873971939086914,0.002255678176879883,0.4,2,9,80,"{'learning_rate': 0.4, 'max_depth': 2, 'min_child_weight': 9, 'n_estimators': 80}",3.085823849579416,3.308461538461539,3.1971426940204775,0.11131884444106133,207,0.678474389189244,0.6761349604125808,0.6773046748009124,0.0011697143883315775,164
0.030853748321533203,0.007531166076660156,0.017232298851013184,0.00025713443756103516,0.2,1,12,20,"{'learning_rate': 0.2, 'max_depth': 1, 'min_child_weight': 12, 'n_estimators': 20}",3.1390277090549232,3.7701073345259397,3.4545675217904313,0.31553981273550824,155,0.6698710735400473,0.684677126461829,0.6772741000009381,0.00740302646089086,165
0.031880855560302734,0.007471799850463867,0.019510269165039062,0.0015828609466552734,0.4,1,12,20,"{'learning_rate': 0.4, 'max_depth': 1, 'min_child_weight': 12, 'n_estimators': 20}",3.2454354280059374,3.7701073345259397,3.507771381265939,0.26233595326000114,135,0.6767592892291976,0.6775831698990339,0.6771712295641157,0.0004119403349181483,166
0.030689239501953125,0.007776737213134766,0.016347050666809082,0.00011289119720458984,0.2,1,9,20,"{'learning_rate': 0.2, 'max_depth': 1, 'min_child_weight': 9, 'n_estimators': 20}",3.1390277090549232,3.7701073345259397,3.4545675217904313,0.31553981273550824,155,0.6690688391687613,0.684677126461829,0.6768729828152951,0.007804143646533868,167
0.04104900360107422,0.014525413513183594,0.022867798805236816,0.004274725914001465,0.2,1,6,20,"{'learning_rate': 0.2, 'max_depth': 1, 'min_child_weight': 6, 'n_estimators': 20}",3.1390277090549232,3.7701073345259397,3.4545675217904313,0.31553981273550824,155,0.6690688391687613,0.684677126461829,0.6768729828152951,0.007804143646533868,167
0.05139756202697754,0.012931346893310547,0.029293537139892578,0.0018239021301269531,0.2,1,3,20,"{'learning_rate': 0.2, 'max_depth': 1, 'min_child_weight': 3, 'n_estimators': 20}",3.1390277090549232,3.7701073345259397,3.4545675217904313,0.31553981273550824,155,0.6690688391687613,0.684677126461829,0.6768729828152951,0.007804143646533868,167
0.07987022399902344,0.01188516616821289,0.026247382164001465,0.000971674919128418,0.3,4,12,40,"{'learning_rate': 0.3, 'max_depth': 4, 'min_child_weight': 12, 'n_estimators': 40}",3.1390277090549232,3.4623434704830056,3.3006855897689644,0.1616578807140412,190,0.6820319730540286,0.6717022590252052,0.6768671160396169,0.005164857014411717,170
3.147820234298706,0.03861832618713379,0.027097463607788086,0.0019812583923339844,0.1,1,6,20,"{'learning_rate': 0.1, 'max_depth': 1, 'min_child_weight': 6, 'n_estimators': 20}",2.9794161306284015,3.6931663685152056,3.3362912495718033,0.35687511894340207,181,0.6659594697793443,0.6876588944577613,0.6768091821185528,0.010849712339208506,171
3.263113260269165,0.02517986297607422,0.029501795768737793,0.0003072023391723633,0.1,1,3,20,"{'learning_rate': 0.1, 'max_depth': 1, 'min_child_weight': 3, 'n_estimators': 20}",2.9794161306284015,3.6931663685152056,3.3362912495718033,0.35687511894340207,181,0.6659594697793443,0.6876588944577613,0.6768091821185528,0.010849712339208506,171
0.040494561195373535,0.006446480751037598,0.020322799682617188,1.8835067749023438e-05,0.1,1,9,20,"{'learning_rate': 0.1, 'max_depth': 1, 'min_child_weight': 9, 'n_estimators': 20}",2.9794161306284015,3.6931663685152056,3.3362912495718033,0.35687511894340207,181,0.6659594697793443,0.6876588944577613,0.6768091821185528,0.010849712339208506,171
0.20152008533477783,0.05618417263031006,0.048276662826538086,0.012359619140625,0.1,6,3,80,"{'learning_rate': 0.1, 'max_depth': 6, 'min_child_weight': 3, 'n_estimators': 80}",3.1922315685304303,3.539284436493739,3.3657580025120843,0.17352643398165424,176,0.6794732310384416,0.673888646764001,0.6766809389012213,0.00279229213722032,174
0.05069851875305176,0.014063119888305664,0.025804877281188965,0.004873394966125488,0.4,4,12,20,"{'learning_rate': 0.4, 'max_depth': 4, 'min_child_weight': 12, 'n_estimators': 20}",3.2454354280059374,3.308461538461539,3.2769484832337383,0.03151305522780068,198,0.6890099580739295,0.6642778019902665,0.676643880032098,0.012366078041831485,175
0.03980445861816406,0.01227116584777832,0.017218708992004395,3.0159950256347656e-05,0.1,1,12,40,"{'learning_rate': 0.1, 'max_depth': 1, 'min_child_weight': 12, 'n_estimators': 40}",3.1922315685304303,3.7701073345259397,3.481169451528185,0.2889378829977547,146,0.6686433831152739,0.6844060979153047,0.6765247405152893,0.007881357400015387,176
0.10189616680145264,0.029276251792907715,0.026757121086120605,0.000512242317199707,0.3,2,6,120,"{'learning_rate': 0.3, 'max_depth': 2, 'min_child_weight': 6, 'n_estimators': 120}",3.0326199901039086,3.539284436493739,3.285952213298824,0.2533322231949151,196,0.681400426846846,0.6714062613496041,0.6764033440982251,0.004997082748620929,177
3.1699918508529663,0.0655747652053833,0.03280532360076904,0.00033080577850341797,0.1,1,6,40,"{'learning_rate': 0.1, 'max_depth': 1, 'min_child_weight': 6, 'n_estimators': 40}",3.298639287481445,3.7701073345259397,3.5343733110036926,0.23573402352224737,122,0.6680029864106933,0.6844060979153047,0.676204542162999,0.00820155575230569,178
0.04523289203643799,0.011834025382995605,0.019249439239501953,0.002908468246459961,0.1,1,9,40,"{'learning_rate': 0.1, 'max_depth': 1, 'min_child_weight': 9, 'n_estimators': 40}",3.298639287481445,3.7701073345259397,3.5343733110036926,0.23573402352224737,122,0.6680029864106933,0.6844060979153047,0.676204542162999,0.00820155575230569,178
0.26406240463256836,0.0516514778137207,0.046537160873413086,0.0074007511138916016,0.1,6,9,120,"{'learning_rate': 0.1, 'max_depth': 6, 'min_child_weight': 9, 'n_estimators': 120}",3.1390277090549232,3.7701073345259397,3.4545675217904313,0.31553981273550824,155,0.6799236581381588,0.6722497639282341,0.6760867110331965,0.0038369471049623516,180
0.111258864402771,0.014746785163879395,0.04386496543884277,0.0006492137908935547,0.2,6,6,40,"{'learning_rate': 0.2, 'max_depth': 6, 'min_child_weight': 6, 'n_estimators': 40}",2.926212271152895,3.4623434704830056,3.1942778708179502,0.2680655996650554,208,0.6746120953426153,0.6774960049393478,0.6760540501409815,0.0014419547983662295,181
3.134099245071411,0.03529167175292969,0.026035189628601074,0.0048264265060424805,0.1,1,3,40,"{'learning_rate': 0.1, 'max_depth': 1, 'min_child_weight': 3, 'n_estimators': 40}",3.298639287481445,3.7701073345259397,3.5343733110036926,0.23573402352224737,122,0.6665173672046081,0.6844060979153047,0.6754617325599563,0.008944365355348316,182
0.07155025005340576,0.02742588520050049,0.02956688404083252,0.006850600242614746,0.3,6,3,20,"{'learning_rate': 0.3, 'max_depth': 6, 'min_child_weight': 3, 'n_estimators': 20}",3.1922315685304303,3.4623434704830056,3.3272875195067178,0.13505595097628764,185,0.6915121201240082,0.6582697755502288,0.6748909478371186,0.016621172286889696,183
0.10737931728363037,0.03446376323699951,0.03186500072479248,0.001796126365661621,0.2,6,3,40,"{'learning_rate': 0.2, 'max_depth': 6, 'min_child_weight': 3, 'n_estimators': 40}",3.298639287481445,3.7701073345259397,3.5343733110036926,0.23573402352224737,122,0.6737738268033522,0.6755538606813395,0.6746638437423458,0.0008900169389936541,184
0.19556963443756104,0.027222275733947754,0.053920626640319824,0.0013359785079956055,0.2,4,6,120,"{'learning_rate': 0.2, 'max_depth': 4, 'min_child_weight': 6, 'n_estimators': 120}",2.8730084116773877,3.6162254025044724,3.24461690709093,0.37160849541354235,201,0.6703878793702492,0.6785283649306313,0.6744581221504402,0.004070242780191025,185
0.07452118396759033,0.016202330589294434,0.036951422691345215,0.001614689826965332,0.4,6,12,20,"{'learning_rate': 0.4, 'max_depth': 6, 'min_child_weight': 12, 'n_estimators': 20}",3.2454354280059374,3.6162254025044724,3.4308304152552047,0.1853949872492675,164,0.6749231271083149,0.671924711266071,0.6734239191871929,0.0014992079211219589,186
0.15687096118927002,0.04618871212005615,0.03398942947387695,0.0003972053527832031,0.2,4,3,120,"{'learning_rate': 0.2, 'max_depth': 4, 'min_child_weight': 3, 'n_estimators': 120}",3.1922315685304303,3.4623434704830056,3.3272875195067178,0.13505595097628764,185,0.6738338837499811,0.6727663979080409,0.673300140829011,0.0005337429209700817,187
0.28890740871429443,0.05232203006744385,0.058691978454589844,0.009716272354125977,0.1,6,6,120,"{'learning_rate': 0.1, 'max_depth': 6, 'min_child_weight': 6, 'n_estimators': 120}",3.0326199901039086,3.4623434704830056,3.2474817302934573,0.2148617401895485,199,0.6668400942704409,0.679299230042856,0.6730696621566484,0.006229567886207543,188
0.11047148704528809,0.03687119483947754,0.0312957763671875,0.004868268966674805,0.4,2,12,120,"{'learning_rate': 0.4, 'max_depth': 2, 'min_child_weight': 12, 'n_estimators': 120}",3.351843146956952,3.4623434704830056,3.407093308719979,0.05525016176302677,169,0.6852010833008816,0.6604879421805768,0.6728445127407292,0.01235657056015238,189
0.05718839168548584,0.02433907985687256,0.027606844902038574,0.004953265190124512,0.4,4,9,20,"{'learning_rate': 0.4, 'max_depth': 4, 'min_child_weight': 9, 'n_estimators': 20}",3.1922315685304303,3.7701073345259397,3.481169451528185,0.2889378829977547,146,0.6707162960415518,0.6744851819568534,0.6726007389992026,0.0018844429576507782,190
0.12590241432189941,0.01788949966430664,0.0447382926940918,0.003429889678955078,0.2,4,12,80,"{'learning_rate': 0.2, 'max_depth': 4, 'min_child_weight': 12, 'n_estimators': 80}",3.2454354280059374,3.4623434704830056,3.3538894492444715,0.10845402123853409,178,0.6650829544477542,0.6783785501561705,0.6717307523019624,0.0066477978542081595,191
0.09384667873382568,0.02776634693145752,0.030212879180908203,0.0029249191284179688,0.3,2,3,120,"{'learning_rate': 0.3, 'max_depth': 2, 'min_child_weight': 3, 'n_estimators': 120}",3.1390277090549232,3.4623434704830056,3.3006855897689644,0.1616578807140412,190,0.675870130329896,0.6664106195975884,0.6711403749637421,0.004729755366153776,192
0.09422612190246582,0.025928258895874023,0.02724587917327881,0.0019184350967407227,0.4,2,3,120,"{'learning_rate': 0.4, 'max_depth': 2, 'min_child_weight': 3, 'n_estimators': 120}",3.298639287481445,3.539284436493739,3.418961861987592,0.12032257450614692,166,0.6732250959646789,0.6687132272826323,0.6709691616236556,0.0022559343410233357,193
0.053034067153930664,0.005553245544433594,0.026761412620544434,0.004442811012268066,0.3,4,6,20,"{'learning_rate': 0.3, 'max_depth': 4, 'min_child_weight': 6, 'n_estimators': 20}",3.2454354280059374,4.077871198568873,3.661653313287405,0.41621788528146797,62,0.6750170055985718,0.6666403355850947,0.6708286705918333,0.004188335006738542,194
0.1091073751449585,0.029225468635559082,0.03905165195465088,0.0030995607376098633,0.3,6,12,40,"{'learning_rate': 0.3, 'max_depth': 6, 'min_child_weight': 12, 'n_estimators': 40}",3.1922315685304303,3.231520572450805,3.211876070490618,0.01964450196018741,206,0.6735279094113661,0.6679464480278928,0.6707371787196295,0.0027907306917366315,195
0.07725048065185547,0.020930051803588867,0.03602313995361328,0.0010135173797607422,0.4,4,6,40,"{'learning_rate': 0.4, 'max_depth': 4, 'min_child_weight': 6, 'n_estimators': 40}",3.085823849579416,3.231520572450805,3.1586722110151104,0.07284836143569451,211,0.6711237350110505,0.6692389409457398,0.6701813379783952,0.0009423970326553621,196
0.08051156997680664,0.009551048278808594,0.029413223266601562,0.005356788635253906,0.3,4,6,40,"{'learning_rate': 0.3, 'max_depth': 4, 'min_child_weight': 6, 'n_estimators': 40}",2.9794161306284015,3.7701073345259397,3.374761732577171,0.3953456019487691,175,0.676902161544336,0.6632409021573328,0.6700715318508343,0.006830629693501622,197
0.17400789260864258,0.03977775573730469,0.04761230945587158,0.006535649299621582,0.2,4,9,120,"{'learning_rate': 0.2, 'max_depth': 4, 'min_child_weight': 9, 'n_estimators': 120}",3.351843146956952,3.231520572450805,3.2916818597038784,0.06016128725307346,195,0.6750072068335954,0.6649079320113315,0.6699575694224634,0.0050496374111319575,198
0.1180185079574585,0.040964484214782715,0.04553639888763428,0.0015236139297485352,0.3,6,9,40,"{'learning_rate': 0.3, 'max_depth': 6, 'min_child_weight': 9, 'n_estimators': 40}",3.2454354280059374,3.231520572450805,3.2384780002283713,0.006957427777566139,202,0.6624398166176939,0.676066408803661,0.6692531127106774,0.006813296092983534,199
0.28233838081359863,0.06948971748352051,0.07248294353485107,0.00015366077423095703,0.1,6,3,120,"{'learning_rate': 0.1, 'max_depth': 6, 'min_child_weight': 3, 'n_estimators': 120}",3.1922315685304303,3.154579606440072,3.1734055874852514,0.018825981045179185,209,0.670232995665785,0.6678161545725285,0.6690245751191568,0.0012084205466282305,200
0.07136023044586182,0.022170662879943848,0.025870561599731445,0.0031888484954833984,0.4,2,6,80,"{'learning_rate': 0.4, 'max_depth': 2, 'min_child_weight': 6, 'n_estimators': 80}",3.1390277090549232,3.4623434704830056,3.3006855897689644,0.1616578807140412,190,0.6768617021276595,0.6611453112515435,0.6690035066896015,0.007858195438057991,201
0.1834263801574707,0.0514833927154541,0.04906296730041504,0.007525920867919922,0.2,6,9,80,"{'learning_rate': 0.2, 'max_depth': 6, 'min_child_weight': 9, 'n_estimators': 80}",3.1390277090549232,3.308461538461539,3.223744623758231,0.08471691470330778,204,0.6716237881140349,0.6654200261494879,0.6685219071317614,0.003101880982273486,202
0.08202958106994629,0.023790836334228516,0.03419089317321777,0.0015108585357666016,0.4,4,9,40,"{'learning_rate': 0.4, 'max_depth': 4, 'min_child_weight': 9, 'n_estimators': 40}",3.1390277090549232,3.539284436493739,3.339156072774331,0.2001283637194078,180,0.6617301963798937,0.6736816299847461,0.66770591318232,0.005975716802426201,203
0.07816708087921143,0.009113192558288574,0.02634108066558838,0.0030285120010375977,0.4,4,3,40,"{'learning_rate': 0.4, 'max_depth': 4, 'min_child_weight': 3, 'n_estimators': 40}",3.1390277090549232,3.6162254025044724,3.377626555779698,0.2385988467247746,171,0.6732696645408616,0.6621191072855379,0.6676943859131997,0.005575278627661828,204
0.07688558101654053,0.01749861240386963,0.036423325538635254,0.0011557340621948242,0.3,6,6,20,"{'learning_rate': 0.3, 'max_depth': 6, 'min_child_weight': 6, 'n_estimators': 20}",3.351843146956952,3.539284436493739,3.4455637917253457,0.09372064476839337,162,0.670940087190043,0.6642955073727028,0.6676177972813729,0.0033222899086701174,205
0.09458768367767334,0.02307426929473877,0.02518486976623535,7.05718994140625e-05,0.4,2,9,120,"{'learning_rate': 0.4, 'max_depth': 2, 'min_child_weight': 9, 'n_estimators': 120}",3.1390277090549232,3.4623434704830056,3.3006855897689644,0.1616578807140412,190,0.6651641893702998,0.6672731895111499,0.6662186894407248,0.0010545000704250684,206
0.0701897144317627,0.021930456161499023,0.02385413646697998,0.0002199411392211914,0.4,4,12,40,"{'learning_rate': 0.4, 'max_depth': 4, 'min_child_weight': 12, 'n_estimators': 40}",3.085823849579416,3.231520572450805,3.1586722110151104,0.07284836143569451,211,0.6762260467609709,0.6525768141207234,0.6644014304408472,0.011824616320123715,207
0.20210134983062744,0.03993403911590576,0.0551152229309082,0.0005254745483398438,0.2,6,6,80,"{'learning_rate': 0.2, 'max_depth': 6, 'min_child_weight': 6, 'n_estimators': 80}",2.766600692726373,3.385402504472272,3.0760015985993228,0.30940090587294944,221,0.6534865902320853,0.6736053606450207,0.6635459754385531,0.010059385206467708,208
0.17979085445404053,0.030272603034973145,0.04836833477020264,0.005086779594421387,0.2,6,12,80,"{'learning_rate': 0.2, 'max_depth': 6, 'min_child_weight': 12, 'n_estimators': 80}",2.9794161306284015,3.154579606440072,3.0669978685342367,0.08758173790583523,222,0.6592684937464914,0.6677970872375972,0.6635327904920443,0.004264296745552898,209
0.20067572593688965,0.03452634811401367,0.044812560081481934,0.004810690879821777,0.2,6,3,80,"{'learning_rate': 0.2, 'max_depth': 6, 'min_child_weight': 3, 'n_estimators': 80}",2.81980455220188,3.231520572450805,3.0256625623263425,0.20585801012446248,226,0.6569540886769265,0.6699371685915596,0.6634456286342431,0.00649153995731655,210
0.09576725959777832,0.027939796447753906,0.02945566177368164,0.00402522087097168,0.4,2,6,120,"{'learning_rate': 0.4, 'max_depth': 2, 'min_child_weight': 6, 'n_estimators': 120}",3.0326199901039086,3.308461538461539,3.1705407642827237,0.1379207741788151,210,0.6666352684735168,0.6571275513910075,0.6618814099322622,0.004753858541254652,211
0.11676156520843506,0.01188814640045166,0.02760767936706543,0.00037980079650878906,0.3,4,9,80,"{'learning_rate': 0.3, 'max_depth': 4, 'min_child_weight': 9, 'n_estimators': 80}",3.1922315685304303,3.4623434704830056,3.3272875195067178,0.13505595097628764,185,0.6626967971314274,0.6608229824943707,0.661759889812899,0.0009369073185283572,212
0.26894664764404297,0.04841780662536621,0.05805766582489014,0.00668942928314209,0.2,6,9,120,"{'learning_rate': 0.2, 'max_depth': 6, 'min_child_weight': 9, 'n_estimators': 120}",2.926212271152895,3.231520572450805,3.07886642180185,0.15265415064895516,220,0.657664657182305,0.6650259678942398,0.6613453125382724,0.0036806553559673993,213
0.12412059307098389,0.019125819206237793,0.043442606925964355,0.0003541707992553711,0.3,4,3,80,"{'learning_rate': 0.3, 'max_depth': 4, 'min_child_weight': 3, 'n_estimators': 80}",2.9794161306284015,3.231520572450805,3.1054683515396033,0.12605222091120183,215,0.6744135913295469,0.648116873683446,0.6612652325064965,0.013148358823050488,214
0.10371577739715576,0.003642439842224121,0.032952308654785156,0.0022683143615722656,0.3,6,3,40,"{'learning_rate': 0.3, 'max_depth': 6, 'min_child_weight': 3, 'n_estimators': 40}",2.8730084116773877,3.231520572450805,3.0522644920640962,0.1792560803867087,223,0.669527484587491,0.6522871722234328,0.6609073284054618,0.008620156182029104,215
0.11356246471405029,0.023111939430236816,0.04223477840423584,0.00024878978729248047,0.3,6,6,40,"{'learning_rate': 0.3, 'max_depth': 6, 'min_child_weight': 6, 'n_estimators': 40}",3.2454354280059374,3.385402504472272,3.315418966239105,0.06998353823316728,188,0.6626702456392335,0.6590633398707054,0.6608667927549694,0.001803452884264034,216
0.27687883377075195,0.06538224220275879,0.067482590675354,0.0047577619552612305,0.2,6,3,120,"{'learning_rate': 0.2, 'max_depth': 6, 'min_child_weight': 3, 'n_estimators': 120}",2.713396833250866,2.9237567084078715,2.8185767708293685,0.10517993757850275,243,0.6510716687992151,0.6697964335003995,0.6604340511498072,0.009362382350592224,217
0.11247456073760986,0.017550349235534668,0.03362762928009033,0.00612032413482666,0.4,4,3,80,"{'learning_rate': 0.4, 'max_depth': 4, 'min_child_weight': 3, 'n_estimators': 80}",2.9794161306284015,3.231520572450805,3.1054683515396033,0.12605222091120183,215,0.6646407456670493,0.6552444250744534,0.6599425853707513,0.004698160296297993,218
0.17620086669921875,0.042526960372924805,0.05167579650878906,0.003907918930053711,0.2,4,12,120,"{'learning_rate': 0.2, 'max_depth': 4, 'min_child_weight': 12, 'n_estimators': 120}",3.1390277090549232,3.308461538461539,3.223744623758231,0.08471691470330778,204,0.6562599568095726,0.6633253432120287,0.6597926500108007,0.0035326932012280654,219
0.16623198986053467,0.05201447010040283,0.03328394889831543,2.7418136596679688e-05,0.3,4,9,120,"{'learning_rate': 0.3, 'max_depth': 4, 'min_child_weight': 9, 'n_estimators': 120}",3.0326199901039086,3.231520572450805,3.1320702812773566,0.09945029117344828,214,0.6600979117883569,0.658806384833297,0.6594521483108269,0.0006457634775299259,220
0.11074995994567871,0.03563332557678223,0.03759407997131348,0.004683017730712891,0.3,4,12,80,"{'learning_rate': 0.3, 'max_depth': 4, 'min_child_weight': 12, 'n_estimators': 80}",2.81980455220188,3.231520572450805,3.0256625623263425,0.20585801012446248,226,0.6575116700129977,0.6609995823345682,0.659255626173783,0.001743956160785265,221
0.1850069761276245,0.051038146018981934,0.04184103012084961,0.0013000965118408203,0.3,6,12,80,"{'learning_rate': 0.3, 'max_depth': 6, 'min_child_weight': 12, 'n_estimators': 80}",2.81980455220188,2.846815742397138,2.833310147299509,0.01350559509762883,241,0.665198959181506,0.653286845354834,0.65924290226817,0.005956056913336005,222
0.07966673374176025,0.01984250545501709,0.038052916526794434,0.0032089948654174805,0.4,6,9,20,"{'learning_rate': 0.4, 'max_depth': 6, 'min_child_weight': 9, 'n_estimators': 20}",3.1390277090549232,3.154579606440072,3.1468036577474976,0.007775948692574364,213,0.663425066631602,0.652624936442217,0.6580250015369095,0.0054000650946924855,223
0.06895184516906738,0.00893259048461914,0.030225396156311035,0.00755918025970459,0.4,6,3,20,"{'learning_rate': 0.4, 'max_depth': 6, 'min_child_weight': 3, 'n_estimators': 20}",2.9794161306284015,2.9237567084078715,2.9515864195181365,0.027829711110265,233,0.6808848853734151,0.6336679196629622,0.6572764025181886,0.02360848285522643,224
0.12737393379211426,0.006291627883911133,0.040119171142578125,0.005515575408935547,0.3,4,6,80,"{'learning_rate': 0.3, 'max_depth': 4, 'min_child_weight': 6, 'n_estimators': 80}",3.085823849579416,3.385402504472272,3.235613177025844,0.14978932744642792,203,0.6586837287398408,0.6552308055495024,0.6569572671446716,0.0017264615951692042,225
0.10667574405670166,0.01683056354522705,0.029431939125061035,0.005804181098937988,0.4,6,12,40,"{'learning_rate': 0.4, 'max_depth': 6, 'min_child_weight': 12, 'n_estimators': 40}",3.0326199901039086,2.9237567084078715,2.9781883492558903,0.05443164084801855,231,0.6668299794162719,0.6466396092104307,0.6567347943133512,0.010095185102920567,226
0.20235753059387207,0.04742860794067383,0.05108761787414551,0.006581306457519531,0.3,6,6,80,"{'learning_rate': 0.3, 'max_depth': 6, 'min_child_weight': 6, 'n_estimators': 80}",2.926212271152895,3.000697674418605,2.96345497278575,0.037242701632855146,232,0.6597868800226573,0.652780199026658,0.6562835395246576,0.003503340497999663,227
0.17535853385925293,0.05140948295593262,0.04636049270629883,0.010705232620239258,0.3,6,9,80,"{'learning_rate': 0.3, 'max_depth': 6, 'min_child_weight': 9, 'n_estimators': 80}",2.9794161306284015,3.0776386404293383,3.0285273855288697,0.049111254900468415,225,0.6501752398484795,0.6601574417084332,0.6551663407784563,0.004991100929976844,228
0.27030789852142334,0.05915868282318115,0.06752800941467285,0.0019092559814453125,0.2,6,6,120,"{'learning_rate': 0.2, 'max_depth': 6, 'min_child_weight': 6, 'n_estimators': 120}",2.8730084116773877,3.154579606440072,3.0137940090587296,0.1407855973813421,229,0.6422736422072635,0.6668691436042711,0.6545713929057673,0.012297750698503807,229
0.1436063051223755,0.03178441524505615,0.04364478588104248,0.010525107383728027,0.3,4,12,120,"{'learning_rate': 0.3, 'max_depth': 4, 'min_child_weight': 12, 'n_estimators': 120}",2.6601929737753585,3.231520572450805,2.945856773113082,0.28566379933772335,234,0.6549854851842675,0.6523825088980896,0.6536839970411785,0.001301488143088947,230
0.1533200740814209,0.045554399490356445,0.03318941593170166,0.0014199018478393555,0.4,4,3,120,"{'learning_rate': 0.4, 'max_depth': 4, 'min_child_weight': 3, 'n_estimators': 120}",2.81980455220188,3.154579606440072,2.987192079320976,0.16738752711909588,230,0.6580863201654791,0.6490375535701315,0.6535619368678053,0.004524383297673795,231
0.12654435634613037,0.033973097801208496,0.047037720680236816,0.0024667978286743164,0.4,6,6,40,"{'learning_rate': 0.4, 'max_depth': 6, 'min_child_weight': 6, 'n_estimators': 40}",3.085823849579416,3.000697674418605,3.0432607619990106,0.0425630875804055,224,0.6536405256689712,0.6515108593012277,0.6525756924850994,0.001064833183871794,232
0.23153531551361084,0.02999699115753174,0.039191246032714844,0.0001857280731201172,0.2,6,12,120,"{'learning_rate': 0.2, 'max_depth': 6, 'min_child_weight': 12, 'n_estimators': 120}",2.9794161306284015,3.231520572450805,3.1054683515396033,0.12605222091120183,215,0.6542414112244538,0.6499773007917484,0.652109356008101,0.0021320552163526796,233
0.12462747097015381,0.03259408473968506,0.03406786918640137,0.0005517005920410156,0.4,6,3,40,"{'learning_rate': 0.4, 'max_depth': 6, 'min_child_weight': 3, 'n_estimators': 40}",2.8730084116773877,2.539051878354204,2.706030145015796,0.16697826666159177,251,0.6595447557009847,0.6435284557274643,0.6515366057142244,0.008008149986760194,234
0.17149078845977783,0.03996407985687256,0.0395890474319458,0.0074089765548706055,0.3,4,6,120,"{'learning_rate': 0.3, 'max_depth': 4, 'min_child_weight': 6, 'n_estimators': 120}",2.713396833250866,3.4623434704830056,3.0878701518669356,0.3744733186160698,218,0.6457708530362264,0.6565128568315537,0.6511418549338901,0.005371001897663652,235
0.18271863460540771,0.022905945777893066,0.05694305896759033,0.00013554096221923828,0.3,6,3,80,"{'learning_rate': 0.3, 'max_depth': 6, 'min_child_weight': 3, 'n_estimators': 80}",2.713396833250866,2.7698747763864042,2.7416358048186353,0.02823897156776911,247,0.6467004713522043,0.652851928524733,0.6497761999384686,0.0030757285862643147,236
0.11792302131652832,0.021378755569458008,0.048004150390625,0.002988576889038086,0.4,6,9,40,"{'learning_rate': 0.4, 'max_depth': 6, 'min_child_weight': 9, 'n_estimators': 40}",3.2454354280059374,2.9237567084078715,3.0845960682069045,0.16083935979903297,219,0.6524188409388607,0.646685915595264,0.6495523782670624,0.0028664626717983532,237
0.1354902982711792,0.02628457546234131,0.04014158248901367,0.004976034164428711,0.4,4,6,80,"{'learning_rate': 0.4, 'max_depth': 4, 'min_child_weight': 6, 'n_estimators': 80}",2.6601929737753585,3.231520572450805,2.945856773113082,0.28566379933772335,234,0.6435607574002802,0.6552367073436478,0.649398732371964,0.0058379749716838125,238
0.23813986778259277,0.03939366340637207,0.0446169376373291,0.003735065460205078,0.3,6,12,120,"{'learning_rate': 0.3, 'max_depth': 6, 'min_child_weight': 12, 'n_estimators': 120}",2.606989114299852,2.7698747763864042,2.688431945343128,0.08144283104327621,254,0.6541415270395339,0.6439129803152467,0.6490272536773902,0.005114273362143595,239
0.25594186782836914,0.08665823936462402,0.058983445167541504,0.004137635231018066,0.3,6,6,120,"{'learning_rate': 0.3, 'max_depth': 6, 'min_child_weight': 6, 'n_estimators': 120}",2.926212271152895,2.9237567084078715,2.924984489780383,0.0012277813725116715,237,0.6558680062105204,0.6419771918355488,0.6489225990230346,0.006945407187485819,240
0.15157198905944824,0.02909088134765625,0.04286801815032959,0.009703516960144043,0.3,4,3,120,"{'learning_rate': 0.3, 'max_depth': 4, 'min_child_weight': 3, 'n_estimators': 120}",2.713396833250866,2.692933810375671,2.7031653218132687,0.010231511437597485,253,0.6540043443298655,0.643356849713082,0.6486805970214737,0.005323747308391746,241
0.2568387985229492,0.06385469436645508,0.05445253849029541,0.0004788637161254883,0.3,6,9,120,"{'learning_rate': 0.3, 'max_depth': 6, 'min_child_weight': 9, 'n_estimators': 120}",3.0326199901039086,3.000697674418605,3.016658832261257,0.01596115784265173,228,0.6404548649919839,0.6545253141570422,0.647490089574513,0.007035224582529143,242
0.13953912258148193,0.030115485191345215,0.044513583183288574,0.0009957551956176758,0.4,4,9,80,"{'learning_rate': 0.4, 'max_depth': 4, 'min_child_weight': 9, 'n_estimators': 80}",2.6601929737753585,2.9237567084078715,2.7919748410916148,0.13178186731625652,246,0.646179872451689,0.6456771627805621,0.6459285176161256,0.0002513548355634332,243
0.13386964797973633,0.045783281326293945,0.04261744022369385,0.013327956199645996,0.4,4,12,80,"{'learning_rate': 0.4, 'max_depth': 4, 'min_child_weight': 12, 'n_estimators': 80}",2.766600692726373,2.846815742397138,2.8067082175617557,0.04010752483538238,244,0.6526900454662694,0.6376189438512384,0.645154494658754,0.007535550807515501,244
0.14880120754241943,0.03133714199066162,0.04208648204803467,0.009297013282775879,0.4,4,6,120,"{'learning_rate': 0.4, 'max_depth': 4, 'min_child_weight': 6, 'n_estimators': 120}",2.606989114299852,3.154579606440072,2.8807843603699617,0.2737952460701101,239,0.6426617997360023,0.6456158749182828,0.6441388373271426,0.0014770375911402067,245
0.19872689247131348,0.06389284133911133,0.047673583030700684,0.0005244016647338867,0.4,4,12,120,"{'learning_rate': 0.4, 'max_depth': 4, 'min_child_weight': 12, 'n_estimators': 120}",2.6601929737753585,3.154579606440072,2.9073862901077154,0.24719331633235675,238,0.640352452093522,0.6446738577758406,0.6425131549346813,0.002160702841159323,246
0.1708742380142212,0.0333784818649292,0.03718280792236328,0.005017757415771484,0.4,4,9,120,"{'learning_rate': 0.4, 'max_depth': 4, 'min_child_weight': 9, 'n_estimators': 120}",2.6601929737753585,3.000697674418605,2.830445324096982,0.17025235032162334,242,0.6383977565253454,0.646025368635142,0.6422115625802437,0.003813806054898339,247
0.1959667205810547,0.040634870529174805,0.053437113761901855,0.005403637886047363,0.4,6,6,80,"{'learning_rate': 0.4, 'max_depth': 6, 'min_child_weight': 6, 'n_estimators': 80}",2.713396833250866,2.6159928443649374,2.6646948388079017,0.0487019944429643,255,0.6414480172357115,0.635126570785211,0.6382872940104612,0.003160723225250295,248
0.17938077449798584,0.011880993843078613,0.05834352970123291,0.001469731330871582,0.4,6,3,80,"{'learning_rate': 0.4, 'max_depth': 6, 'min_child_weight': 3, 'n_estimators': 80}",2.766600692726373,2.692933810375671,2.729767251551022,0.036833441175351034,249,0.6485176681215199,0.6254980206290406,0.6370078443752802,0.011509823746239656,249
0.27152109146118164,0.0970759391784668,0.04993104934692383,0.00806283950805664,0.3,6,3,120,"{'learning_rate': 0.3, 'max_depth': 6, 'min_child_weight': 3, 'n_estimators': 120}",2.5537852548243443,2.7698747763864042,2.661830015605374,0.10804476078102998,256,0.6387081561126593,0.6337046923803298,0.6362064242464945,0.002501731866164758,250
0.1388181447982788,0.033476948738098145,0.0255812406539917,0.003723740577697754,0.4,6,12,80,"{'learning_rate': 0.4, 'max_depth': 6, 'min_child_weight': 12, 'n_estimators': 80}",2.81980455220188,2.9237567084078715,2.871780630304876,0.05197607810299565,240,0.6405351516469511,0.6264926999346263,0.6335139257907887,0.007021225856162383,251
0.1919255256652832,0.0330352783203125,0.03483247756958008,0.004976034164428711,0.4,6,9,80,"{'learning_rate': 0.4, 'max_depth': 6, 'min_child_weight': 9, 'n_estimators': 80}",3.0326199901039086,2.846815742397138,2.9397178662505232,0.09290212385338537,236,0.6366940357762392,0.6276013292656353,0.6321476825209372,0.004546353255301949,252
0.16154515743255615,0.015743136405944824,0.022739291191101074,0.0030347108840942383,0.4,6,12,120,"{'learning_rate': 0.4, 'max_depth': 6, 'min_child_weight': 12, 'n_estimators': 120}",2.766600692726373,2.846815742397138,2.8067082175617557,0.04010752483538238,244,0.6316435626539355,0.6305803733565774,0.6311119680052564,0.000531594648679079,253
0.3029665946960449,0.06315064430236816,0.06094491481781006,0.006926417350769043,0.4,6,3,120,"{'learning_rate': 0.4, 'max_depth': 6, 'min_child_weight': 3, 'n_estimators': 120}",2.926212271152895,2.539051878354204,2.7326320747535497,0.19358019639934532,248,0.6411565829999646,0.6195313067480206,0.6303439448739926,0.010812638125971996,254
0.27728044986724854,0.06577956676483154,0.051579833030700684,0.017868876457214355,0.4,6,6,120,"{'learning_rate': 0.4, 'max_depth': 6, 'min_child_weight': 6, 'n_estimators': 120}",2.766600692726373,2.692933810375671,2.729767251551022,0.036833441175351034,249,0.6404434857810437,0.6202349822038207,0.6303392339924322,0.010104251788611518,255
0.23160946369171143,0.026377558708190918,0.03724706172943115,0.009499669075012207,0.4,6,9,120,"{'learning_rate': 0.4, 'max_depth': 6, 'min_child_weight': 9, 'n_estimators': 120}",2.8730084116773877,2.539051878354204,2.706030145015796,0.16697826666159177,251,0.6273637149836391,0.626447301518123,0.626905508250881,0.00045820673275803747,256
