,mean_fit_time,std_fit_time,mean_score_time,std_score_time,param_C,params,split0_test_lift,split1_test_lift,mean_test_lift,std_test_lift,rank_test_lift,split0_test_AUC,split1_test_AUC,mean_test_AUC,std_test_AUC,rank_test_AUC,n_weight
0,0.018578648567199707,0.00459897518157959,0.011960625648498535,0.001709580421447754,0.64,{'C': 0.64},3.085823849579416,3.6162254025044724,3.3510246260419443,0.26520077646252815,4,0.6816147353195535,0.674956417520157,0.6782855764198552,0.003329158899698259,6,8
1,0.017667293548583984,0.0053539276123046875,0.009084939956665039,0.0001456737518310547,0.32,{'C': 0.32},3.0326199901039086,3.6162254025044724,3.3244226963041905,0.2918027062002819,7,0.6813119218728664,0.6756428415776857,0.678477381725276,0.0028345401475903254,5,8
2,0.01580810546875,0.006529569625854492,0.008778929710388184,9.429454803466797e-05,0.16,{'C': 0.16},2.926212271152895,3.6931663685152056,3.3096893198340505,0.3834770486811554,8,0.6804875612580855,0.676910365366456,0.6786989633122708,0.0017885979458147627,3,8
3,0.015259265899658203,0.0048770904541015625,0.01104116439819336,0.0025606155395507812,0.08,{'C': 0.08},3.085823849579416,3.6931663685152056,3.389495109047311,0.30367125946789475,3,0.677674999620693,0.6794163579574345,0.6785456787890638,0.0008706791683707471,4,8
4,0.01688981056213379,0.005342721939086914,0.010418415069580078,0.0006291866302490234,0.04,{'C': 0.04},2.9794161306284015,3.9239892665474065,3.451702698587904,0.4722865679595025,2,0.6729810751078497,0.6846017650904337,0.6787914200991416,0.005810344991292016,2,8
5,0.012937664985656738,0.005412697792053223,0.009002327919006348,2.6345252990722656e-05,0.02,{'C': 0.02},2.926212271152895,3.7701073345259397,3.348159802839417,0.42194753168652244,5,0.6676739375610052,0.6904463572310598,0.6790601473960325,0.011386209835027306,1,5
6,0.008846044540405273,0.002847433090209961,0.008759737014770508,0.00011444091796875,0.01,{'C': 0.01},2.9794161306284015,3.6931663685152056,3.3362912495718033,0.35687511894340207,6,0.6636981676941673,0.6914850730006538,0.6775916203474106,0.01389345265324321,7,3
7,0.008728981018066406,0.0037102699279785156,0.008641362190246582,0.00032508373260498047,0.005,{'C': 0.005},2.9794161306284015,3.385402504472272,3.182409317550337,0.20299318692193524,9,0.6636981676941673,0.6831826105905426,0.673440389142355,0.009742221448187649,8,1
8,0.00802922248840332,0.0030875205993652344,0.005909562110900879,0.0007485151290893555,0.0025,{'C': 0.0025},10.002325581395349,10.002325581395349,10.002325581395349,0.0,1,0.5,0.5,0.5,0.0,9,1
